ID,name,url,created,tactics,platforms,AtomicUrl
T1003.001,OS Credential Dumping: LSASS Memory,https://attack.mitre.org/techniques/T1003/001,11 February 2020,Credential Access,Windows,https://github.com/redcanaryco/atomic-red-team/blob/master/atomics/T1003.001/T1003.001.md
T1003,OS Credential Dumping,https://attack.mitre.org/techniques/T1003,31 May 2017,Credential Access,"Linux, Windows, macOS",https://github.com/redcanaryco/atomic-red-team/blob/master/atomics/T1003/T1003.md
T1003.002,OS Credential Dumping: Security Account Manager,https://attack.mitre.org/techniques/T1003/002,11 February 2020,Credential Access,Windows,https://github.com/redcanaryco/atomic-red-team/blob/master/atomics/T1003.002/T1003.002.md
T1003,OS Credential Dumping,https://attack.mitre.org/techniques/T1003,31 May 2017,Credential Access,"Linux, Windows, macOS",https://github.com/redcanaryco/atomic-red-team/blob/master/atomics/T1003/T1003.md
T1003.003,OS Credential Dumping: NTDS,https://attack.mitre.org/techniques/T1003/003,11 February 2020,Credential Access,Windows,https://github.com/redcanaryco/atomic-red-team/blob/master/atomics/T1003.003/T1003.003.md
T1003,OS Credential Dumping,https://attack.mitre.org/techniques/T1003,31 May 2017,Credential Access,"Linux, Windows, macOS",https://github.com/redcanaryco/atomic-red-team/blob/master/atomics/T1003/T1003.md
T1003.004,OS Credential Dumping: LSA Secrets,https://attack.mitre.org/techniques/T1003/004,21 February 2020,Credential Access,Windows,https://github.com/redcanaryco/atomic-red-team/blob/master/atomics/T1003.004/T1003.004.md
T1003,OS Credential Dumping,https://attack.mitre.org/techniques/T1003,31 May 2017,Credential Access,"Linux, Windows, macOS",https://github.com/redcanaryco/atomic-red-team/blob/master/atomics/T1003/T1003.md
T1003.006,OS Credential Dumping: DCSync,https://attack.mitre.org/techniques/T1003/006,11 February 2020,Credential Access,Windows,https://github.com/redcanaryco/atomic-red-team/blob/master/atomics/T1003.006/T1003.006.md
T1003,OS Credential Dumping,https://attack.mitre.org/techniques/T1003,31 May 2017,Credential Access,"Linux, Windows, macOS",https://github.com/redcanaryco/atomic-red-team/blob/master/atomics/T1003/T1003.md
T1003.007,OS Credential Dumping: Proc Filesystem,https://attack.mitre.org/techniques/T1003/007,11 February 2020,Credential Access,Linux,https://github.com/redcanaryco/atomic-red-team/blob/master/atomics/T1003.007/T1003.007.md
T1003,OS Credential Dumping,https://attack.mitre.org/techniques/T1003,31 May 2017,Credential Access,"Linux, Windows, macOS",https://github.com/redcanaryco/atomic-red-team/blob/master/atomics/T1003/T1003.md
T1003.008,OS Credential Dumping: /etc/passwd and /etc/shadow,https://attack.mitre.org/techniques/T1003/008,11 February 2020,Credential Access,Linux,https://github.com/redcanaryco/atomic-red-team/blob/master/atomics/T1003.008/T1003.008.md
T1003,OS Credential Dumping,https://attack.mitre.org/techniques/T1003,31 May 2017,Credential Access,"Linux, Windows, macOS",https://github.com/redcanaryco/atomic-red-team/blob/master/atomics/T1003/T1003.md
T1003,OS Credential Dumping,https://attack.mitre.org/techniques/T1003,31 May 2017,Credential Access,"Linux, Windows, macOS",https://github.com/redcanaryco/atomic-red-team/blob/master/atomics/T1003/T1003.md
T1006,Direct Volume Access,https://attack.mitre.org/techniques/T1006,31 May 2017,Defense Evasion,Windows,https://github.com/redcanaryco/atomic-red-team/blob/master/atomics/T1006/T1006.md
T1007,System Service Discovery,https://attack.mitre.org/techniques/T1007,31 May 2017,Discovery,"Linux, Windows, macOS",https://github.com/redcanaryco/atomic-red-team/blob/master/atomics/T1007/T1007.md
T1010,Application Window Discovery,https://attack.mitre.org/techniques/T1010,31 May 2017,Discovery,"Linux, Windows, macOS",https://github.com/redcanaryco/atomic-red-team/blob/master/atomics/T1010/T1010.md
T1012,Query Registry,https://attack.mitre.org/techniques/T1012,31 May 2017,Discovery,Windows,https://github.com/redcanaryco/atomic-red-team/blob/master/atomics/T1012/T1012.md
T1014,Rootkit,https://attack.mitre.org/techniques/T1014,31 May 2017,Defense Evasion,"Linux, Windows, macOS",https://github.com/redcanaryco/atomic-red-team/blob/master/atomics/T1014/T1014.md
T1016,System Network Configuration Discovery,https://attack.mitre.org/techniques/T1016,31 May 2017,Discovery,"Linux, Network, Windows, macOS",https://github.com/redcanaryco/atomic-red-team/blob/master/atomics/T1016/T1016.md
T1018,Remote System Discovery,https://attack.mitre.org/techniques/T1018,31 May 2017,Discovery,"Linux, Network, Windows, macOS",https://github.com/redcanaryco/atomic-red-team/blob/master/atomics/T1018/T1018.md
T1020,Automated Exfiltration,https://attack.mitre.org/techniques/T1020,31 May 2017,Exfiltration,"Linux, Network, Windows, macOS",https://github.com/redcanaryco/atomic-red-team/blob/master/atomics/T1020/T1020.md
T1021.001,Remote Services: Remote Desktop Protocol,https://attack.mitre.org/techniques/T1021/001,11 February 2020,Lateral Movement,Windows,https://github.com/redcanaryco/atomic-red-team/blob/master/atomics/T1021.001/T1021.001.md
T1021,Remote Services,https://attack.mitre.org/techniques/T1021,31 May 2017,Lateral Movement,"Linux, Windows, macOS",https://github.com/redcanaryco/atomic-red-team/blob/master/atomics/T1021/T1021.md
T1021.002,Remote Services: SMB/Windows Admin Shares,https://attack.mitre.org/techniques/T1021/002,11 February 2020,Lateral Movement,Windows,https://github.com/redcanaryco/atomic-red-team/blob/master/atomics/T1021.002/T1021.002.md
T1021,Remote Services,https://attack.mitre.org/techniques/T1021,31 May 2017,Lateral Movement,"Linux, Windows, macOS",https://github.com/redcanaryco/atomic-red-team/blob/master/atomics/T1021/T1021.md
T1021.003,Remote Services: Distributed Component Object Model,https://attack.mitre.org/techniques/T1021/003,11 February 2020,Lateral Movement,Windows,https://github.com/redcanaryco/atomic-red-team/blob/master/atomics/T1021.003/T1021.003.md
T1021,Remote Services,https://attack.mitre.org/techniques/T1021,31 May 2017,Lateral Movement,"Linux, Windows, macOS",https://github.com/redcanaryco/atomic-red-team/blob/master/atomics/T1021/T1021.md
T1021.006,Remote Services: Windows Remote Management,https://attack.mitre.org/techniques/T1021/006,11 February 2020,Lateral Movement,Windows,https://github.com/redcanaryco/atomic-red-team/blob/master/atomics/T1021.006/T1021.006.md
T1021,Remote Services,https://attack.mitre.org/techniques/T1021,31 May 2017,Lateral Movement,"Linux, Windows, macOS",https://github.com/redcanaryco/atomic-red-team/blob/master/atomics/T1021/T1021.md
T1027.001,Obfuscated Files or Information: Binary Padding,https://attack.mitre.org/techniques/T1027/001,05 February 2020,Defense Evasion,"Linux, Windows, macOS",https://github.com/redcanaryco/atomic-red-team/blob/master/atomics/T1027.001/T1027.001.md
T1027,Obfuscated Files or Information,https://attack.mitre.org/techniques/T1027,31 May 2017,Defense Evasion,"Linux, Windows, macOS",https://github.com/redcanaryco/atomic-red-team/blob/master/atomics/T1027/T1027.md
T1027.002,Obfuscated Files or Information: Software Packing,https://attack.mitre.org/techniques/T1027/002,05 February 2020,Defense Evasion,"Linux, Windows, macOS",https://github.com/redcanaryco/atomic-red-team/blob/master/atomics/T1027.002/T1027.002.md
T1027,Obfuscated Files or Information,https://attack.mitre.org/techniques/T1027,31 May 2017,Defense Evasion,"Linux, Windows, macOS",https://github.com/redcanaryco/atomic-red-team/blob/master/atomics/T1027/T1027.md
T1027.004,Obfuscated Files or Information: Compile After Delivery,https://attack.mitre.org/techniques/T1027/004,16 March 2020,Defense Evasion,"Linux, Windows, macOS",https://github.com/redcanaryco/atomic-red-team/blob/master/atomics/T1027.004/T1027.004.md
T1027,Obfuscated Files or Information,https://attack.mitre.org/techniques/T1027,31 May 2017,Defense Evasion,"Linux, Windows, macOS",https://github.com/redcanaryco/atomic-red-team/blob/master/atomics/T1027/T1027.md
T1027,Obfuscated Files or Information,https://attack.mitre.org/techniques/T1027,31 May 2017,Defense Evasion,"Linux, Windows, macOS",https://github.com/redcanaryco/atomic-red-team/blob/master/atomics/T1027/T1027.md
T1030,Data Transfer Size Limits,https://attack.mitre.org/techniques/T1030,31 May 2017,Exfiltration,"Linux, Windows, macOS",https://github.com/redcanaryco/atomic-red-team/blob/master/atomics/T1030/T1030.md
T1033,System Owner/User Discovery,https://attack.mitre.org/techniques/T1033,31 May 2017,Discovery,"Linux, Windows, macOS",https://github.com/redcanaryco/atomic-red-team/blob/master/atomics/T1033/T1033.md
T1036.003,Masquerading: Rename System Utilities,https://attack.mitre.org/techniques/T1036/003,10 February 2020,Defense Evasion,"Linux, Windows, macOS",https://github.com/redcanaryco/atomic-red-team/blob/master/atomics/T1036.003/T1036.003.md
T1036,Masquerading,https://attack.mitre.org/techniques/T1036,31 May 2017,Defense Evasion,"Containers, Linux, Windows, macOS",https://github.com/redcanaryco/atomic-red-team/blob/master/atomics/T1036/T1036.md
T1036.004,Masquerading: Masquerade Task or Service,https://attack.mitre.org/techniques/T1036/004,10 February 2020,Defense Evasion,"Linux, Windows, macOS",https://github.com/redcanaryco/atomic-red-team/blob/master/atomics/T1036.004/T1036.004.md
T1036,Masquerading,https://attack.mitre.org/techniques/T1036,31 May 2017,Defense Evasion,"Containers, Linux, Windows, macOS",https://github.com/redcanaryco/atomic-red-team/blob/master/atomics/T1036/T1036.md
T1036.005,Masquerading: Match Legitimate Name or Location,https://attack.mitre.org/techniques/T1036/005,10 February 2020,Defense Evasion,"Containers, Linux, Windows, macOS",https://github.com/redcanaryco/atomic-red-team/blob/master/atomics/T1036.005/T1036.005.md
T1036,Masquerading,https://attack.mitre.org/techniques/T1036,31 May 2017,Defense Evasion,"Containers, Linux, Windows, macOS",https://github.com/redcanaryco/atomic-red-team/blob/master/atomics/T1036/T1036.md
T1036.006,Masquerading: Space after Filename,https://attack.mitre.org/techniques/T1036/006,10 February 2020,Defense Evasion,"Linux, macOS",https://github.com/redcanaryco/atomic-red-team/blob/master/atomics/T1036.006/T1036.006.md
T1036,Masquerading,https://attack.mitre.org/techniques/T1036,31 May 2017,Defense Evasion,"Containers, Linux, Windows, macOS",https://github.com/redcanaryco/atomic-red-team/blob/master/atomics/T1036/T1036.md
T1036,Masquerading,https://attack.mitre.org/techniques/T1036,31 May 2017,Defense Evasion,"Containers, Linux, Windows, macOS",https://github.com/redcanaryco/atomic-red-team/blob/master/atomics/T1036/T1036.md
T1037.001,Boot or Logon Initialization Scripts: Logon Script (Windows),https://attack.mitre.org/techniques/T1037/001,10 January 2020,"Persistence, Privilege Escalation",Windows,https://github.com/redcanaryco/atomic-red-team/blob/master/atomics/T1037.001/T1037.001.md
T1037,Boot or Logon Initialization Scripts,https://attack.mitre.org/techniques/T1037,31 May 2017,"Persistence, Privilege Escalation","Linux, Windows, macOS",https://github.com/redcanaryco/atomic-red-team/blob/master/atomics/T1037/T1037.md
T1037.002,Boot or Logon Initialization Scripts: Login Hook,https://attack.mitre.org/techniques/T1037/002,10 January 2020,"Persistence, Privilege Escalation",macOS,https://github.com/redcanaryco/atomic-red-team/blob/master/atomics/T1037.002/T1037.002.md
T1037,Boot or Logon Initialization Scripts,https://attack.mitre.org/techniques/T1037,31 May 2017,"Persistence, Privilege Escalation","Linux, Windows, macOS",https://github.com/redcanaryco/atomic-red-team/blob/master/atomics/T1037/T1037.md
T1037.004,Boot or Logon Initialization Scripts: RC Scripts,https://attack.mitre.org/techniques/T1037/004,15 January 2020,"Persistence, Privilege Escalation","Linux, macOS",https://github.com/redcanaryco/atomic-red-team/blob/master/atomics/T1037.004/T1037.004.md
T1037,Boot or Logon Initialization Scripts,https://attack.mitre.org/techniques/T1037,31 May 2017,"Persistence, Privilege Escalation","Linux, Windows, macOS",https://github.com/redcanaryco/atomic-red-team/blob/master/atomics/T1037/T1037.md
T1037.005,Boot or Logon Initialization Scripts: Startup Items,https://attack.mitre.org/techniques/T1037/005,15 January 2020,"Persistence, Privilege Escalation",macOS,https://github.com/redcanaryco/atomic-red-team/blob/master/atomics/T1037.005/T1037.005.md
T1037,Boot or Logon Initialization Scripts,https://attack.mitre.org/techniques/T1037,31 May 2017,"Persistence, Privilege Escalation","Linux, Windows, macOS",https://github.com/redcanaryco/atomic-red-team/blob/master/atomics/T1037/T1037.md
T1040,Network Sniffing,https://attack.mitre.org/techniques/T1040,31 May 2017,"Credential Access, Discovery","IaaS, Linux, Network, Windows, macOS",https://github.com/redcanaryco/atomic-red-team/blob/master/atomics/T1040/T1040.md
T1041,Exfiltration Over C2 Channel,https://attack.mitre.org/techniques/T1041,31 May 2017,Exfiltration,"Linux, Windows, macOS",https://github.com/redcanaryco/atomic-red-team/blob/master/atomics/T1041/T1041.md
T1046,Network Service Discovery,https://attack.mitre.org/techniques/T1046,31 May 2017,Discovery,"Containers, IaaS, Linux, Network, Windows, macOS",https://github.com/redcanaryco/atomic-red-team/blob/master/atomics/T1046/T1046.md
T1047,Windows Management Instrumentation,https://attack.mitre.org/techniques/T1047,31 May 2017,Execution,Windows,https://github.com/redcanaryco/atomic-red-team/blob/master/atomics/T1047/T1047.md
T1048.003,Exfiltration Over Alternative Protocol: Exfiltration Over Unencrypted Non-C2 Protocol,https://attack.mitre.org/techniques/T1048/003,15 March 2020,Exfiltration,"Linux, Windows, macOS",https://github.com/redcanaryco/atomic-red-team/blob/master/atomics/T1048.003/T1048.003.md
T1048,Exfiltration Over Alternative Protocol,https://attack.mitre.org/techniques/T1048,31 May 2017,Exfiltration,"Linux, Windows, macOS",https://github.com/redcanaryco/atomic-red-team/blob/master/atomics/T1048/T1048.md
T1048,Exfiltration Over Alternative Protocol,https://attack.mitre.org/techniques/T1048,31 May 2017,Exfiltration,"Linux, Windows, macOS",https://github.com/redcanaryco/atomic-red-team/blob/master/atomics/T1048/T1048.md
T1049,System Network Connections Discovery,https://attack.mitre.org/techniques/T1049,31 May 2017,Discovery,"IaaS, Linux, Network, Windows, macOS",https://github.com/redcanaryco/atomic-red-team/blob/master/atomics/T1049/T1049.md
T1053,Scheduled Task/Job,https://attack.mitre.org/techniques/T1053,31 May 2017,"Execution, Persistence, Privilege Escalation","Containers, Linux, Windows, macOS",https://github.com/redcanaryco/atomic-red-team/blob/master/atomics/T1053/T1053.md
T1053.002,Scheduled Task/Job: At,https://attack.mitre.org/techniques/T1053/002,27 November 2019,"Execution, Persistence, Privilege Escalation","Linux, Windows, macOS",https://github.com/redcanaryco/atomic-red-team/blob/master/atomics/T1053.002/T1053.002.md
T1053,Scheduled Task/Job,https://attack.mitre.org/techniques/T1053,31 May 2017,"Execution, Persistence, Privilege Escalation","Containers, Linux, Windows, macOS",https://github.com/redcanaryco/atomic-red-team/blob/master/atomics/T1053/T1053.md
T1053.003,Scheduled Task/Job: Cron,https://attack.mitre.org/techniques/T1053/003,03 December 2019,"Execution, Persistence, Privilege Escalation","Linux, macOS",https://github.com/redcanaryco/atomic-red-team/blob/master/atomics/T1053.003/T1053.003.md
T1053,Scheduled Task/Job,https://attack.mitre.org/techniques/T1053,31 May 2017,"Execution, Persistence, Privilege Escalation","Containers, Linux, Windows, macOS",https://github.com/redcanaryco/atomic-red-team/blob/master/atomics/T1053/T1053.md
T1053,Scheduled Task/Job,https://attack.mitre.org/techniques/T1053,31 May 2017,"Execution, Persistence, Privilege Escalation","Containers, Linux, Windows, macOS",https://github.com/redcanaryco/atomic-red-team/blob/master/atomics/T1053/T1053.md
T1053.005,Scheduled Task/Job: Scheduled Task,https://attack.mitre.org/techniques/T1053/005,27 November 2019,"Execution, Persistence, Privilege Escalation",Windows,https://github.com/redcanaryco/atomic-red-team/blob/master/atomics/T1053.005/T1053.005.md
T1053,Scheduled Task/Job,https://attack.mitre.org/techniques/T1053,31 May 2017,"Execution, Persistence, Privilege Escalation","Containers, Linux, Windows, macOS",https://github.com/redcanaryco/atomic-red-team/blob/master/atomics/T1053/T1053.md
T1053.006,Scheduled Task/Job: Systemd Timers,https://attack.mitre.org/techniques/T1053/006,12 October 2020,"Execution, Persistence, Privilege Escalation",Linux,https://github.com/redcanaryco/atomic-red-team/blob/master/atomics/T1053.006/T1053.006.md
T1053,Scheduled Task/Job,https://attack.mitre.org/techniques/T1053,31 May 2017,"Execution, Persistence, Privilege Escalation","Containers, Linux, Windows, macOS",https://github.com/redcanaryco/atomic-red-team/blob/master/atomics/T1053/T1053.md
T1053.007,Scheduled Task/Job: Container Orchestration Job,https://attack.mitre.org/techniques/T1053/007,29 March 2021,"Execution, Persistence, Privilege Escalation",Containers,https://github.com/redcanaryco/atomic-red-team/blob/master/atomics/T1053.007/T1053.007.md
T1053,Scheduled Task/Job,https://attack.mitre.org/techniques/T1053,31 May 2017,"Execution, Persistence, Privilege Escalation","Containers, Linux, Windows, macOS",https://github.com/redcanaryco/atomic-red-team/blob/master/atomics/T1053/T1053.md
T1055.001,Process Injection: Dynamic-link Library Injection,https://attack.mitre.org/techniques/T1055/001,14 January 2020,"Defense Evasion, Privilege Escalation",Windows,https://github.com/redcanaryco/atomic-red-team/blob/master/atomics/T1055.001/T1055.001.md
T1055,Process Injection,https://attack.mitre.org/techniques/T1055,31 May 2017,"Defense Evasion, Privilege Escalation","Linux, Windows, macOS",https://github.com/redcanaryco/atomic-red-team/blob/master/atomics/T1055/T1055.md
T1055.004,Process Injection: Asynchronous Procedure Call,https://attack.mitre.org/techniques/T1055/004,14 January 2020,"Defense Evasion, Privilege Escalation",Windows,https://github.com/redcanaryco/atomic-red-team/blob/master/atomics/T1055.004/T1055.004.md
T1055,Process Injection,https://attack.mitre.org/techniques/T1055,31 May 2017,"Defense Evasion, Privilege Escalation","Linux, Windows, macOS",https://github.com/redcanaryco/atomic-red-team/blob/master/atomics/T1055/T1055.md
T1055.012,Process Injection: Process Hollowing,https://attack.mitre.org/techniques/T1055/012,14 January 2020,"Defense Evasion, Privilege Escalation",Windows,https://github.com/redcanaryco/atomic-red-team/blob/master/atomics/T1055.012/T1055.012.md
T1055,Process Injection,https://attack.mitre.org/techniques/T1055,31 May 2017,"Defense Evasion, Privilege Escalation","Linux, Windows, macOS",https://github.com/redcanaryco/atomic-red-team/blob/master/atomics/T1055/T1055.md
T1055,Process Injection,https://attack.mitre.org/techniques/T1055,31 May 2017,"Defense Evasion, Privilege Escalation","Linux, Windows, macOS",https://github.com/redcanaryco/atomic-red-team/blob/master/atomics/T1055/T1055.md
T1056.001,Input Capture: Keylogging,https://attack.mitre.org/techniques/T1056/001,11 February 2020,"Collection, Credential Access","Linux, Network, Windows, macOS",https://github.com/redcanaryco/atomic-red-team/blob/master/atomics/T1056.001/T1056.001.md
T1056,Input Capture,https://attack.mitre.org/techniques/T1056,31 May 2017,"Collection, Credential Access","Linux, Network, Windows, macOS",https://github.com/redcanaryco/atomic-red-team/blob/master/atomics/T1056/T1056.md
T1056.002,Input Capture: GUI Input Capture,https://attack.mitre.org/techniques/T1056/002,11 February 2020,"Collection, Credential Access","Linux, Windows, macOS",https://github.com/redcanaryco/atomic-red-team/blob/master/atomics/T1056.002/T1056.002.md
T1056,Input Capture,https://attack.mitre.org/techniques/T1056,31 May 2017,"Collection, Credential Access","Linux, Network, Windows, macOS",https://github.com/redcanaryco/atomic-red-team/blob/master/atomics/T1056/T1056.md
T1056.004,Input Capture: Credential API Hooking,https://attack.mitre.org/techniques/T1056/004,11 February 2020,"Collection, Credential Access",Windows,https://github.com/redcanaryco/atomic-red-team/blob/master/atomics/T1056.004/T1056.004.md
T1056,Input Capture,https://attack.mitre.org/techniques/T1056,31 May 2017,"Collection, Credential Access","Linux, Network, Windows, macOS",https://github.com/redcanaryco/atomic-red-team/blob/master/atomics/T1056/T1056.md
T1057,Process Discovery,https://attack.mitre.org/techniques/T1057,31 May 2017,Discovery,"Linux, Windows, macOS",https://github.com/redcanaryco/atomic-red-team/blob/master/atomics/T1057/T1057.md
T1059.001,Command and Scripting Interpreter: PowerShell,https://attack.mitre.org/techniques/T1059/001,09 March 2020,Execution,Windows,https://github.com/redcanaryco/atomic-red-team/blob/master/atomics/T1059.001/T1059.001.md
T1059,Command and Scripting Interpreter,https://attack.mitre.org/techniques/T1059,31 May 2017,Execution,"Linux, Network, Windows, macOS",https://github.com/redcanaryco/atomic-red-team/blob/master/atomics/T1059/T1059.md
T1059.002,Command and Scripting Interpreter: AppleScript,https://attack.mitre.org/techniques/T1059/002,09 March 2020,Execution,macOS,https://github.com/redcanaryco/atomic-red-team/blob/master/atomics/T1059.002/T1059.002.md
T1059,Command and Scripting Interpreter,https://attack.mitre.org/techniques/T1059,31 May 2017,Execution,"Linux, Network, Windows, macOS",https://github.com/redcanaryco/atomic-red-team/blob/master/atomics/T1059/T1059.md
T1059.003,Command and Scripting Interpreter: Windows Command Shell,https://attack.mitre.org/techniques/T1059/003,09 March 2020,Execution,Windows,https://github.com/redcanaryco/atomic-red-team/blob/master/atomics/T1059.003/T1059.003.md
T1059,Command and Scripting Interpreter,https://attack.mitre.org/techniques/T1059,31 May 2017,Execution,"Linux, Network, Windows, macOS",https://github.com/redcanaryco/atomic-red-team/blob/master/atomics/T1059/T1059.md
T1059.004,Command and Scripting Interpreter: Unix Shell,https://attack.mitre.org/techniques/T1059/004,09 March 2020,Execution,"Linux, macOS",https://github.com/redcanaryco/atomic-red-team/blob/master/atomics/T1059.004/T1059.004.md
T1059,Command and Scripting Interpreter,https://attack.mitre.org/techniques/T1059,31 May 2017,Execution,"Linux, Network, Windows, macOS",https://github.com/redcanaryco/atomic-red-team/blob/master/atomics/T1059/T1059.md
T1059.005,Command and Scripting Interpreter: Visual Basic,https://attack.mitre.org/techniques/T1059/005,09 March 2020,Execution,"Linux, Windows, macOS",https://github.com/redcanaryco/atomic-red-team/blob/master/atomics/T1059.005/T1059.005.md
T1059,Command and Scripting Interpreter,https://attack.mitre.org/techniques/T1059,31 May 2017,Execution,"Linux, Network, Windows, macOS",https://github.com/redcanaryco/atomic-red-team/blob/master/atomics/T1059/T1059.md
T1059.006,Command and Scripting Interpreter: Python,https://attack.mitre.org/techniques/T1059/006,09 March 2020,Execution,"Linux, Windows, macOS",https://github.com/redcanaryco/atomic-red-team/blob/master/atomics/T1059.006/T1059.006.md
T1059,Command and Scripting Interpreter,https://attack.mitre.org/techniques/T1059,31 May 2017,Execution,"Linux, Network, Windows, macOS",https://github.com/redcanaryco/atomic-red-team/blob/master/atomics/T1059/T1059.md
T1069.001,Permission Groups Discovery: Local Groups,https://attack.mitre.org/techniques/T1069/001,12 March 2020,Discovery,"Linux, Windows, macOS",https://github.com/redcanaryco/atomic-red-team/blob/master/atomics/T1069.001/T1069.001.md
T1069,Permission Groups Discovery,https://attack.mitre.org/techniques/T1069,31 May 2017,Discovery,"Azure AD, Containers, Google Workspace, IaaS, Linux, Office 365, SaaS, Windows, macOS",https://github.com/redcanaryco/atomic-red-team/blob/master/atomics/T1069/T1069.md
T1069.002,Permission Groups Discovery: Domain Groups,https://attack.mitre.org/techniques/T1069/002,21 February 2020,Discovery,"Linux, Windows, macOS",https://github.com/redcanaryco/atomic-red-team/blob/master/atomics/T1069.002/T1069.002.md
T1069,Permission Groups Discovery,https://attack.mitre.org/techniques/T1069,31 May 2017,Discovery,"Azure AD, Containers, Google Workspace, IaaS, Linux, Office 365, SaaS, Windows, macOS",https://github.com/redcanaryco/atomic-red-team/blob/master/atomics/T1069/T1069.md
T1070.001,Indicator Removal on Host: Clear Windows Event Logs,https://attack.mitre.org/techniques/T1070/001,28 January 2020,Defense Evasion,Windows,https://github.com/redcanaryco/atomic-red-team/blob/master/atomics/T1070.001/T1070.001.md
T1070,Indicator Removal on Host,https://attack.mitre.org/techniques/T1070,31 May 2017,Defense Evasion,"Containers, Linux, Network, Windows, macOS",https://github.com/redcanaryco/atomic-red-team/blob/master/atomics/T1070/T1070.md
T1070.002,Indicator Removal on Host: Clear Linux or Mac System Logs,https://attack.mitre.org/techniques/T1070/002,28 January 2020,Defense Evasion,"Linux, macOS",https://github.com/redcanaryco/atomic-red-team/blob/master/atomics/T1070.002/T1070.002.md
T1070,Indicator Removal on Host,https://attack.mitre.org/techniques/T1070,31 May 2017,Defense Evasion,"Containers, Linux, Network, Windows, macOS",https://github.com/redcanaryco/atomic-red-team/blob/master/atomics/T1070/T1070.md
T1070.003,Indicator Removal on Host: Clear Command History,https://attack.mitre.org/techniques/T1070/003,31 January 2020,Defense Evasion,"Linux, Network, Windows, macOS",https://github.com/redcanaryco/atomic-red-team/blob/master/atomics/T1070.003/T1070.003.md
T1070,Indicator Removal on Host,https://attack.mitre.org/techniques/T1070,31 May 2017,Defense Evasion,"Containers, Linux, Network, Windows, macOS",https://github.com/redcanaryco/atomic-red-team/blob/master/atomics/T1070/T1070.md
T1070.004,Indicator Removal on Host: File Deletion,https://attack.mitre.org/techniques/T1070/004,31 January 2020,Defense Evasion,"Linux, Windows, macOS",https://github.com/redcanaryco/atomic-red-team/blob/master/atomics/T1070.004/T1070.004.md
T1070,Indicator Removal on Host,https://attack.mitre.org/techniques/T1070,31 May 2017,Defense Evasion,"Containers, Linux, Network, Windows, macOS",https://github.com/redcanaryco/atomic-red-team/blob/master/atomics/T1070/T1070.md
T1070.005,Indicator Removal on Host: Network Share Connection Removal,https://attack.mitre.org/techniques/T1070/005,31 January 2020,Defense Evasion,Windows,https://github.com/redcanaryco/atomic-red-team/blob/master/atomics/T1070.005/T1070.005.md
T1070,Indicator Removal on Host,https://attack.mitre.org/techniques/T1070,31 May 2017,Defense Evasion,"Containers, Linux, Network, Windows, macOS",https://github.com/redcanaryco/atomic-red-team/blob/master/atomics/T1070/T1070.md
T1070.006,Indicator Removal on Host: Timestomp,https://attack.mitre.org/techniques/T1070/006,31 January 2020,Defense Evasion,"Linux, Windows, macOS",https://github.com/redcanaryco/atomic-red-team/blob/master/atomics/T1070.006/T1070.006.md
T1070,Indicator Removal on Host,https://attack.mitre.org/techniques/T1070,31 May 2017,Defense Evasion,"Containers, Linux, Network, Windows, macOS",https://github.com/redcanaryco/atomic-red-team/blob/master/atomics/T1070/T1070.md
T1070,Indicator Removal on Host,https://attack.mitre.org/techniques/T1070,31 May 2017,Defense Evasion,"Containers, Linux, Network, Windows, macOS",https://github.com/redcanaryco/atomic-red-team/blob/master/atomics/T1070/T1070.md
T1071.001,Application Layer Protocol: Web Protocols,https://attack.mitre.org/techniques/T1071/001,15 March 2020,Command and Control,"Linux, Windows, macOS",https://github.com/redcanaryco/atomic-red-team/blob/master/atomics/T1071.001/T1071.001.md
T1071,Application Layer Protocol,https://attack.mitre.org/techniques/T1071,31 May 2017,Command and Control,"Linux, Windows, macOS",https://github.com/redcanaryco/atomic-red-team/blob/master/atomics/T1071/T1071.md
T1071.004,Application Layer Protocol: DNS,https://attack.mitre.org/techniques/T1071/004,15 March 2020,Command and Control,"Linux, Windows, macOS",https://github.com/redcanaryco/atomic-red-team/blob/master/atomics/T1071.004/T1071.004.md
T1071,Application Layer Protocol,https://attack.mitre.org/techniques/T1071,31 May 2017,Command and Control,"Linux, Windows, macOS",https://github.com/redcanaryco/atomic-red-team/blob/master/atomics/T1071/T1071.md
T1072,Software Deployment Tools,https://attack.mitre.org/techniques/T1072,31 May 2017,"Execution, Lateral Movement","Linux, Windows, macOS",https://github.com/redcanaryco/atomic-red-team/blob/master/atomics/T1072/T1072.md
T1074.001,Data Staged: Local Data Staging,https://attack.mitre.org/techniques/T1074/001,13 March 2020,Collection,"Linux, Windows, macOS",https://github.com/redcanaryco/atomic-red-team/blob/master/atomics/T1074.001/T1074.001.md
T1074,Data Staged,https://attack.mitre.org/techniques/T1074,31 May 2017,Collection,"IaaS, Linux, Windows, macOS",https://github.com/redcanaryco/atomic-red-team/blob/master/atomics/T1074/T1074.md
T1078.001,Valid Accounts: Default Accounts,https://attack.mitre.org/techniques/T1078/001,13 March 2020,"Defense Evasion, Initial Access, Persistence, Privilege Escalation","Azure AD, Containers, Google Workspace, IaaS, Linux, Office 365, SaaS, Windows, macOS",https://github.com/redcanaryco/atomic-red-team/blob/master/atomics/T1078.001/T1078.001.md
T1078,Valid Accounts,https://attack.mitre.org/techniques/T1078,31 May 2017,"Defense Evasion, Initial Access, Persistence, Privilege Escalation","Azure AD, Containers, Google Workspace, IaaS, Linux, Office 365, SaaS, Windows, macOS",https://github.com/redcanaryco/atomic-red-team/blob/master/atomics/T1078/T1078.md
T1078.003,Valid Accounts: Local Accounts,https://attack.mitre.org/techniques/T1078/003,13 March 2020,"Defense Evasion, Initial Access, Persistence, Privilege Escalation","Containers, Linux, Windows, macOS",https://github.com/redcanaryco/atomic-red-team/blob/master/atomics/T1078.003/T1078.003.md
T1078,Valid Accounts,https://attack.mitre.org/techniques/T1078,31 May 2017,"Defense Evasion, Initial Access, Persistence, Privilege Escalation","Azure AD, Containers, Google Workspace, IaaS, Linux, Office 365, SaaS, Windows, macOS",https://github.com/redcanaryco/atomic-red-team/blob/master/atomics/T1078/T1078.md
T1082,System Information Discovery,https://attack.mitre.org/techniques/T1082,31 May 2017,Discovery,"IaaS, Linux, Network, Windows, macOS",https://github.com/redcanaryco/atomic-red-team/blob/master/atomics/T1082/T1082.md
T1083,File and Directory Discovery,https://attack.mitre.org/techniques/T1083,31 May 2017,Discovery,"Linux, Network, Windows, macOS",https://github.com/redcanaryco/atomic-red-team/blob/master/atomics/T1083/T1083.md
T1087.001,Account Discovery: Local Account,https://attack.mitre.org/techniques/T1087/001,21 February 2020,Discovery,"Linux, Windows, macOS",https://github.com/redcanaryco/atomic-red-team/blob/master/atomics/T1087.001/T1087.001.md
T1087,Account Discovery,https://attack.mitre.org/techniques/T1087,31 May 2017,Discovery,"Azure AD, Google Workspace, IaaS, Linux, Office 365, SaaS, Windows, macOS",https://github.com/redcanaryco/atomic-red-team/blob/master/atomics/T1087/T1087.md
T1087.002,Account Discovery: Domain Account,https://attack.mitre.org/techniques/T1087/002,21 February 2020,Discovery,"Linux, Windows, macOS",https://github.com/redcanaryco/atomic-red-team/blob/master/atomics/T1087.002/T1087.002.md
T1087,Account Discovery,https://attack.mitre.org/techniques/T1087,31 May 2017,Discovery,"Azure AD, Google Workspace, IaaS, Linux, Office 365, SaaS, Windows, macOS",https://github.com/redcanaryco/atomic-red-team/blob/master/atomics/T1087/T1087.md
T1090.001,Proxy: Internal Proxy,https://attack.mitre.org/techniques/T1090/001,14 March 2020,Command and Control,"Linux, Windows, macOS",https://github.com/redcanaryco/atomic-red-team/blob/master/atomics/T1090.001/T1090.001.md
T1090,Proxy,https://attack.mitre.org/techniques/T1090,31 May 2017,Command and Control,"Linux, Network, Windows, macOS",https://github.com/redcanaryco/atomic-red-team/blob/master/atomics/T1090/T1090.md
T1095,Non-Application Layer Protocol,https://attack.mitre.org/techniques/T1095,31 May 2017,Command and Control,"Linux, Network, Windows, macOS",https://github.com/redcanaryco/atomic-red-team/blob/master/atomics/T1095/T1095.md
T1098.001,Account Manipulation: Additional Cloud Credentials,https://attack.mitre.org/techniques/T1098/001,19 January 2020,Persistence,"Azure AD, IaaS, SaaS",https://github.com/redcanaryco/atomic-red-team/blob/master/atomics/T1098.001/T1098.001.md
T1098,Account Manipulation,https://attack.mitre.org/techniques/T1098,31 May 2017,Persistence,"Azure AD, Google Workspace, IaaS, Linux, Office 365, SaaS, Windows, macOS",https://github.com/redcanaryco/atomic-red-team/blob/master/atomics/T1098/T1098.md
T1098.004,Account Manipulation: SSH Authorized Keys,https://attack.mitre.org/techniques/T1098/004,24 June 2020,Persistence,"IaaS, Linux, macOS",https://github.com/redcanaryco/atomic-red-team/blob/master/atomics/T1098.004/T1098.004.md
T1098,Account Manipulation,https://attack.mitre.org/techniques/T1098,31 May 2017,Persistence,"Azure AD, Google Workspace, IaaS, Linux, Office 365, SaaS, Windows, macOS",https://github.com/redcanaryco/atomic-red-team/blob/master/atomics/T1098/T1098.md
T1098,Account Manipulation,https://attack.mitre.org/techniques/T1098,31 May 2017,Persistence,"Azure AD, Google Workspace, IaaS, Linux, Office 365, SaaS, Windows, macOS",https://github.com/redcanaryco/atomic-red-team/blob/master/atomics/T1098/T1098.md
T1105,Ingress Tool Transfer,https://attack.mitre.org/techniques/T1105,31 May 2017,Command and Control,"Linux, Windows, macOS",https://github.com/redcanaryco/atomic-red-team/blob/master/atomics/T1105/T1105.md
T1106,Native API,https://attack.mitre.org/techniques/T1106,31 May 2017,Execution,"Linux, Windows, macOS",https://github.com/redcanaryco/atomic-red-team/blob/master/atomics/T1106/T1106.md
T1110.001,Brute Force: Password Guessing,https://attack.mitre.org/techniques/T1110/001,11 February 2020,Credential Access,"Azure AD, Containers, Google Workspace, IaaS, Linux, Network, Office 365, SaaS, Windows, macOS",https://github.com/redcanaryco/atomic-red-team/blob/master/atomics/T1110.001/T1110.001.md
T1110,Brute Force,https://attack.mitre.org/techniques/T1110,31 May 2017,Credential Access,"Azure AD, Containers, Google Workspace, IaaS, Linux, Network, Office 365, SaaS, Windows, macOS",https://github.com/redcanaryco/atomic-red-team/blob/master/atomics/T1110/T1110.md
T1110.002,Brute Force: Password Cracking,https://attack.mitre.org/techniques/T1110/002,11 February 2020,Credential Access,"Azure AD, Linux, Network, Office 365, Windows, macOS",https://github.com/redcanaryco/atomic-red-team/blob/master/atomics/T1110.002/T1110.002.md
T1110,Brute Force,https://attack.mitre.org/techniques/T1110,31 May 2017,Credential Access,"Azure AD, Containers, Google Workspace, IaaS, Linux, Network, Office 365, SaaS, Windows, macOS",https://github.com/redcanaryco/atomic-red-team/blob/master/atomics/T1110/T1110.md
T1110.003,Brute Force: Password Spraying,https://attack.mitre.org/techniques/T1110/003,11 February 2020,Credential Access,"Azure AD, Containers, Google Workspace, IaaS, Linux, Office 365, SaaS, Windows, macOS",https://github.com/redcanaryco/atomic-red-team/blob/master/atomics/T1110.003/T1110.003.md
T1110,Brute Force,https://attack.mitre.org/techniques/T1110,31 May 2017,Credential Access,"Azure AD, Containers, Google Workspace, IaaS, Linux, Network, Office 365, SaaS, Windows, macOS",https://github.com/redcanaryco/atomic-red-team/blob/master/atomics/T1110/T1110.md
T1110.004,Brute Force: Credential Stuffing,https://attack.mitre.org/techniques/T1110/004,11 February 2020,Credential Access,"Azure AD, Containers, Google Workspace, IaaS, Linux, Office 365, SaaS, Windows, macOS",https://github.com/redcanaryco/atomic-red-team/blob/master/atomics/T1110.004/T1110.004.md
T1110,Brute Force,https://attack.mitre.org/techniques/T1110,31 May 2017,Credential Access,"Azure AD, Containers, Google Workspace, IaaS, Linux, Network, Office 365, SaaS, Windows, macOS",https://github.com/redcanaryco/atomic-red-team/blob/master/atomics/T1110/T1110.md
T1112,Modify Registry,https://attack.mitre.org/techniques/T1112,31 May 2017,Defense Evasion,Windows,https://github.com/redcanaryco/atomic-red-team/blob/master/atomics/T1112/T1112.md
T1113,Screen Capture,https://attack.mitre.org/techniques/T1113,31 May 2017,Collection,"Linux, Windows, macOS",https://github.com/redcanaryco/atomic-red-team/blob/master/atomics/T1113/T1113.md
T1114.001,Email Collection: Local Email Collection,https://attack.mitre.org/techniques/T1114/001,19 February 2020,Collection,Windows,https://github.com/redcanaryco/atomic-red-team/blob/master/atomics/T1114.001/T1114.001.md
T1114,Email Collection,https://attack.mitre.org/techniques/T1114,31 May 2017,Collection,"Google Workspace, Linux, Office 365, Windows, macOS",https://github.com/redcanaryco/atomic-red-team/blob/master/atomics/T1114/T1114.md
T1115,Clipboard Data,https://attack.mitre.org/techniques/T1115,31 May 2017,Collection,"Linux, Windows, macOS",https://github.com/redcanaryco/atomic-red-team/blob/master/atomics/T1115/T1115.md
T1119,Automated Collection,https://attack.mitre.org/techniques/T1119,31 May 2017,Collection,"IaaS, Linux, SaaS, Windows, macOS",https://github.com/redcanaryco/atomic-red-team/blob/master/atomics/T1119/T1119.md
T1120,Peripheral Device Discovery,https://attack.mitre.org/techniques/T1120,31 May 2017,Discovery,"Linux, Windows, macOS",https://github.com/redcanaryco/atomic-red-team/blob/master/atomics/T1120/T1120.md
T1123,Audio Capture,https://attack.mitre.org/techniques/T1123,31 May 2017,Collection,"Linux, Windows, macOS",https://github.com/redcanaryco/atomic-red-team/blob/master/atomics/T1123/T1123.md
T1124,System Time Discovery,https://attack.mitre.org/techniques/T1124,31 May 2017,Discovery,Windows,https://github.com/redcanaryco/atomic-red-team/blob/master/atomics/T1124/T1124.md
T1127.001,Trusted Developer Utilities Proxy Execution: MSBuild,https://attack.mitre.org/techniques/T1127/001,27 March 2020,Defense Evasion,Windows,https://github.com/redcanaryco/atomic-red-team/blob/master/atomics/T1127.001/T1127.001.md
T1127,Trusted Developer Utilities Proxy Execution,https://attack.mitre.org/techniques/T1127,31 May 2017,Defense Evasion,Windows,https://github.com/redcanaryco/atomic-red-team/blob/master/atomics/T1127/T1127.md
T1132.001,Data Encoding: Standard Encoding,https://attack.mitre.org/techniques/T1132/001,14 March 2020,Command and Control,"Linux, Windows, macOS",https://github.com/redcanaryco/atomic-red-team/blob/master/atomics/T1132.001/T1132.001.md
T1132,Data Encoding,https://attack.mitre.org/techniques/T1132,31 May 2017,Command and Control,"Linux, Windows, macOS",https://github.com/redcanaryco/atomic-red-team/blob/master/atomics/T1132/T1132.md
T1133,External Remote Services,https://attack.mitre.org/techniques/T1133,31 May 2017,"Initial Access, Persistence","Containers, Linux, Windows, macOS",https://github.com/redcanaryco/atomic-red-team/blob/master/atomics/T1133/T1133.md
T1134.001,Access Token Manipulation: Token Impersonation/Theft,https://attack.mitre.org/techniques/T1134/001,18 February 2020,"Defense Evasion, Privilege Escalation",Windows,https://github.com/redcanaryco/atomic-red-team/blob/master/atomics/T1134.001/T1134.001.md
T1134,Access Token Manipulation,https://attack.mitre.org/techniques/T1134,14 December 2017,"Defense Evasion, Privilege Escalation",Windows,https://github.com/redcanaryco/atomic-red-team/blob/master/atomics/T1134/T1134.md
T1134.002,Access Token Manipulation: Create Process with Token,https://attack.mitre.org/techniques/T1134/002,18 February 2020,"Defense Evasion, Privilege Escalation",Windows,https://github.com/redcanaryco/atomic-red-team/blob/master/atomics/T1134.002/T1134.002.md
T1134,Access Token Manipulation,https://attack.mitre.org/techniques/T1134,14 December 2017,"Defense Evasion, Privilege Escalation",Windows,https://github.com/redcanaryco/atomic-red-team/blob/master/atomics/T1134/T1134.md
T1134.004,Access Token Manipulation: Parent PID Spoofing,https://attack.mitre.org/techniques/T1134/004,18 February 2020,"Defense Evasion, Privilege Escalation",Windows,https://github.com/redcanaryco/atomic-red-team/blob/master/atomics/T1134.004/T1134.004.md
T1134,Access Token Manipulation,https://attack.mitre.org/techniques/T1134,14 December 2017,"Defense Evasion, Privilege Escalation",Windows,https://github.com/redcanaryco/atomic-red-team/blob/master/atomics/T1134/T1134.md
T1135,Network Share Discovery,https://attack.mitre.org/techniques/T1135,14 December 2017,Discovery,"Linux, Windows, macOS",https://github.com/redcanaryco/atomic-red-team/blob/master/atomics/T1135/T1135.md
T1136.001,Create Account: Local Account,https://attack.mitre.org/techniques/T1136/001,28 January 2020,Persistence,"Linux, Windows, macOS",https://github.com/redcanaryco/atomic-red-team/blob/master/atomics/T1136.001/T1136.001.md
T1136,Create Account,https://attack.mitre.org/techniques/T1136,14 December 2017,Persistence,"Azure AD, Google Workspace, IaaS, Linux, Office 365, Windows, macOS",https://github.com/redcanaryco/atomic-red-team/blob/master/atomics/T1136/T1136.md
T1136.002,Create Account: Domain Account,https://attack.mitre.org/techniques/T1136/002,28 January 2020,Persistence,"Linux, Windows, macOS",https://github.com/redcanaryco/atomic-red-team/blob/master/atomics/T1136.002/T1136.002.md
T1136,Create Account,https://attack.mitre.org/techniques/T1136,14 December 2017,Persistence,"Azure AD, Google Workspace, IaaS, Linux, Office 365, Windows, macOS",https://github.com/redcanaryco/atomic-red-team/blob/master/atomics/T1136/T1136.md
T1136.003,Create Account: Cloud Account,https://attack.mitre.org/techniques/T1136/003,29 January 2020,Persistence,"Azure AD, Google Workspace, IaaS, Office 365, SaaS",https://github.com/redcanaryco/atomic-red-team/blob/master/atomics/T1136.003/T1136.003.md
T1136,Create Account,https://attack.mitre.org/techniques/T1136,14 December 2017,Persistence,"Azure AD, Google Workspace, IaaS, Linux, Office 365, Windows, macOS",https://github.com/redcanaryco/atomic-red-team/blob/master/atomics/T1136/T1136.md
T1137.002,Office Application Startup: Office Test,https://attack.mitre.org/techniques/T1137/002,07 November 2019,Persistence,"Office 365, Windows",https://github.com/redcanaryco/atomic-red-team/blob/master/atomics/T1137.002/T1137.002.md
T1137,Office Application Startup,https://attack.mitre.org/techniques/T1137,14 December 2017,Persistence,"Office 365, Windows",https://github.com/redcanaryco/atomic-red-team/blob/master/atomics/T1137/T1137.md
T1137.004,Office Application Startup: Outlook Home Page,https://attack.mitre.org/techniques/T1137/004,07 November 2019,Persistence,"Office 365, Windows",https://github.com/redcanaryco/atomic-red-team/blob/master/atomics/T1137.004/T1137.004.md
T1137,Office Application Startup,https://attack.mitre.org/techniques/T1137,14 December 2017,Persistence,"Office 365, Windows",https://github.com/redcanaryco/atomic-red-team/blob/master/atomics/T1137/T1137.md
T1137.006,Office Application Startup: Add-ins,https://attack.mitre.org/techniques/T1137/006,07 November 2019,Persistence,"Office 365, Windows",https://github.com/redcanaryco/atomic-red-team/blob/master/atomics/T1137.006/T1137.006.md
T1137,Office Application Startup,https://attack.mitre.org/techniques/T1137,14 December 2017,Persistence,"Office 365, Windows",https://github.com/redcanaryco/atomic-red-team/blob/master/atomics/T1137/T1137.md
T1137,Office Application Startup,https://attack.mitre.org/techniques/T1137,14 December 2017,Persistence,"Office 365, Windows",https://github.com/redcanaryco/atomic-red-team/blob/master/atomics/T1137/T1137.md
T1140,Deobfuscate/Decode Files or Information,https://attack.mitre.org/techniques/T1140,14 December 2017,Defense Evasion,"Linux, Windows, macOS",https://github.com/redcanaryco/atomic-red-team/blob/master/atomics/T1140/T1140.md
T1176,Browser Extensions,https://attack.mitre.org/techniques/T1176,16 January 2018,Persistence,"Linux, Windows, macOS",https://github.com/redcanaryco/atomic-red-team/blob/master/atomics/T1176/T1176.md
T1187,Forced Authentication,https://attack.mitre.org/techniques/T1187,16 January 2018,Credential Access,Windows,https://github.com/redcanaryco/atomic-red-team/blob/master/atomics/T1187/T1187.md
T1197,BITS Jobs,https://attack.mitre.org/techniques/T1197,18 April 2018,"Defense Evasion, Persistence",Windows,https://github.com/redcanaryco/atomic-red-team/blob/master/atomics/T1197/T1197.md
T1201,Password Policy Discovery,https://attack.mitre.org/techniques/T1201,18 April 2018,Discovery,"IaaS, Linux, Network, Windows, macOS",https://github.com/redcanaryco/atomic-red-team/blob/master/atomics/T1201/T1201.md
T1202,Indirect Command Execution,https://attack.mitre.org/techniques/T1202,18 April 2018,Defense Evasion,Windows,https://github.com/redcanaryco/atomic-red-team/blob/master/atomics/T1202/T1202.md
T1204.002,User Execution: Malicious File,https://attack.mitre.org/techniques/T1204/002,11 March 2020,Execution,"Linux, Windows, macOS",https://github.com/redcanaryco/atomic-red-team/blob/master/atomics/T1204.002/T1204.002.md
T1204,User Execution,https://attack.mitre.org/techniques/T1204,18 April 2018,Execution,"Containers, IaaS, Linux, Windows, macOS",https://github.com/redcanaryco/atomic-red-team/blob/master/atomics/T1204/T1204.md
T1207,Rogue Domain Controller,https://attack.mitre.org/techniques/T1207,18 April 2018,Defense Evasion,Windows,https://github.com/redcanaryco/atomic-red-team/blob/master/atomics/T1207/T1207.md
T1216.001,System Script Proxy Execution: PubPrn,https://attack.mitre.org/techniques/T1216/001,03 February 2020,Defense Evasion,Windows,https://github.com/redcanaryco/atomic-red-team/blob/master/atomics/T1216.001/T1216.001.md
T1216,System Script Proxy Execution,https://attack.mitre.org/techniques/T1216,18 April 2018,Defense Evasion,Windows,https://github.com/redcanaryco/atomic-red-team/blob/master/atomics/T1216/T1216.md
T1216,System Script Proxy Execution,https://attack.mitre.org/techniques/T1216,18 April 2018,Defense Evasion,Windows,https://github.com/redcanaryco/atomic-red-team/blob/master/atomics/T1216/T1216.md
T1217,Browser Bookmark Discovery,https://attack.mitre.org/techniques/T1217,18 April 2018,Discovery,"Linux, Windows, macOS",https://github.com/redcanaryco/atomic-red-team/blob/master/atomics/T1217/T1217.md
T1218.001,System Binary Proxy Execution: Compiled HTML File,https://attack.mitre.org/techniques/T1218/001,23 January 2020,Defense Evasion,Windows,https://github.com/redcanaryco/atomic-red-team/blob/master/atomics/T1218.001/T1218.001.md
T1218,System Binary Proxy Execution,https://attack.mitre.org/techniques/T1218,18 April 2018,Defense Evasion,"Linux, Windows, macOS",https://github.com/redcanaryco/atomic-red-team/blob/master/atomics/T1218/T1218.md
T1218.002,System Binary Proxy Execution: Control Panel,https://attack.mitre.org/techniques/T1218/002,23 January 2020,Defense Evasion,Windows,https://github.com/redcanaryco/atomic-red-team/blob/master/atomics/T1218.002/T1218.002.md
T1218,System Binary Proxy Execution,https://attack.mitre.org/techniques/T1218,18 April 2018,Defense Evasion,"Linux, Windows, macOS",https://github.com/redcanaryco/atomic-red-team/blob/master/atomics/T1218/T1218.md
T1218.003,System Binary Proxy Execution: CMSTP,https://attack.mitre.org/techniques/T1218/003,23 January 2020,Defense Evasion,Windows,https://github.com/redcanaryco/atomic-red-team/blob/master/atomics/T1218.003/T1218.003.md
T1218,System Binary Proxy Execution,https://attack.mitre.org/techniques/T1218,18 April 2018,Defense Evasion,"Linux, Windows, macOS",https://github.com/redcanaryco/atomic-red-team/blob/master/atomics/T1218/T1218.md
T1218.004,System Binary Proxy Execution: InstallUtil,https://attack.mitre.org/techniques/T1218/004,23 January 2020,Defense Evasion,Windows,https://github.com/redcanaryco/atomic-red-team/blob/master/atomics/T1218.004/T1218.004.md
T1218,System Binary Proxy Execution,https://attack.mitre.org/techniques/T1218,18 April 2018,Defense Evasion,"Linux, Windows, macOS",https://github.com/redcanaryco/atomic-red-team/blob/master/atomics/T1218/T1218.md
T1218.005,System Binary Proxy Execution: Mshta,https://attack.mitre.org/techniques/T1218/005,23 January 2020,Defense Evasion,Windows,https://github.com/redcanaryco/atomic-red-team/blob/master/atomics/T1218.005/T1218.005.md
T1218,System Binary Proxy Execution,https://attack.mitre.org/techniques/T1218,18 April 2018,Defense Evasion,"Linux, Windows, macOS",https://github.com/redcanaryco/atomic-red-team/blob/master/atomics/T1218/T1218.md
T1218.007,System Binary Proxy Execution: Msiexec,https://attack.mitre.org/techniques/T1218/007,24 January 2020,Defense Evasion,Windows,https://github.com/redcanaryco/atomic-red-team/blob/master/atomics/T1218.007/T1218.007.md
T1218,System Binary Proxy Execution,https://attack.mitre.org/techniques/T1218,18 April 2018,Defense Evasion,"Linux, Windows, macOS",https://github.com/redcanaryco/atomic-red-team/blob/master/atomics/T1218/T1218.md
T1218.008,System Binary Proxy Execution: Odbcconf,https://attack.mitre.org/techniques/T1218/008,24 January 2020,Defense Evasion,Windows,https://github.com/redcanaryco/atomic-red-team/blob/master/atomics/T1218.008/T1218.008.md
T1218,System Binary Proxy Execution,https://attack.mitre.org/techniques/T1218,18 April 2018,Defense Evasion,"Linux, Windows, macOS",https://github.com/redcanaryco/atomic-red-team/blob/master/atomics/T1218/T1218.md
T1218.009,System Binary Proxy Execution: Regsvcs/Regasm,https://attack.mitre.org/techniques/T1218/009,23 January 2020,Defense Evasion,Windows,https://github.com/redcanaryco/atomic-red-team/blob/master/atomics/T1218.009/T1218.009.md
T1218,System Binary Proxy Execution,https://attack.mitre.org/techniques/T1218,18 April 2018,Defense Evasion,"Linux, Windows, macOS",https://github.com/redcanaryco/atomic-red-team/blob/master/atomics/T1218/T1218.md
T1218.010,System Binary Proxy Execution: Regsvr32,https://attack.mitre.org/techniques/T1218/010,23 January 2020,Defense Evasion,Windows,https://github.com/redcanaryco/atomic-red-team/blob/master/atomics/T1218.010/T1218.010.md
T1218,System Binary Proxy Execution,https://attack.mitre.org/techniques/T1218,18 April 2018,Defense Evasion,"Linux, Windows, macOS",https://github.com/redcanaryco/atomic-red-team/blob/master/atomics/T1218/T1218.md
T1218.011,System Binary Proxy Execution: Rundll32,https://attack.mitre.org/techniques/T1218/011,23 January 2020,Defense Evasion,Windows,https://github.com/redcanaryco/atomic-red-team/blob/master/atomics/T1218.011/T1218.011.md
T1218,System Binary Proxy Execution,https://attack.mitre.org/techniques/T1218,18 April 2018,Defense Evasion,"Linux, Windows, macOS",https://github.com/redcanaryco/atomic-red-team/blob/master/atomics/T1218/T1218.md
T1218,System Binary Proxy Execution,https://attack.mitre.org/techniques/T1218,18 April 2018,Defense Evasion,"Linux, Windows, macOS",https://github.com/redcanaryco/atomic-red-team/blob/master/atomics/T1218/T1218.md
T1219,Remote Access Software,https://attack.mitre.org/techniques/T1219,18 April 2018,Command and Control,"Linux, Windows, macOS",https://github.com/redcanaryco/atomic-red-team/blob/master/atomics/T1219/T1219.md
T1220,XSL Script Processing,https://attack.mitre.org/techniques/T1220,17 October 2018,Defense Evasion,Windows,https://github.com/redcanaryco/atomic-red-team/blob/master/atomics/T1220/T1220.md
T1221,Template Injection,https://attack.mitre.org/techniques/T1221,17 October 2018,Defense Evasion,Windows,https://github.com/redcanaryco/atomic-red-team/blob/master/atomics/T1221/T1221.md
T1222.001,File and Directory Permissions Modification: Windows File and Directory Permissions Modification,https://attack.mitre.org/techniques/T1222/001,04 February 2020,Defense Evasion,Windows,https://github.com/redcanaryco/atomic-red-team/blob/master/atomics/T1222.001/T1222.001.md
T1222,File and Directory Permissions Modification,https://attack.mitre.org/techniques/T1222,17 October 2018,Defense Evasion,"Linux, Windows, macOS",https://github.com/redcanaryco/atomic-red-team/blob/master/atomics/T1222/T1222.md
T1222.002,File and Directory Permissions Modification: Linux and Mac File and Directory Permissions Modification,https://attack.mitre.org/techniques/T1222/002,04 February 2020,Defense Evasion,"Linux, macOS",https://github.com/redcanaryco/atomic-red-team/blob/master/atomics/T1222.002/T1222.002.md
T1222,File and Directory Permissions Modification,https://attack.mitre.org/techniques/T1222,17 October 2018,Defense Evasion,"Linux, Windows, macOS",https://github.com/redcanaryco/atomic-red-team/blob/master/atomics/T1222/T1222.md
T1482,Domain Trust Discovery,https://attack.mitre.org/techniques/T1482,14 February 2019,Discovery,Windows,https://github.com/redcanaryco/atomic-red-team/blob/master/atomics/T1482/T1482.md
T1485,Data Destruction,https://attack.mitre.org/techniques/T1485,14 March 2019,Impact,"IaaS, Linux, Windows, macOS",https://github.com/redcanaryco/atomic-red-team/blob/master/atomics/T1485/T1485.md
T1486,Data Encrypted for Impact,https://attack.mitre.org/techniques/T1486,15 March 2019,Impact,"IaaS, Linux, Windows, macOS",https://github.com/redcanaryco/atomic-red-team/blob/master/atomics/T1486/T1486.md
T1489,Service Stop,https://attack.mitre.org/techniques/T1489,29 March 2019,Impact,"Linux, Windows, macOS",https://github.com/redcanaryco/atomic-red-team/blob/master/atomics/T1489/T1489.md
T1490,Inhibit System Recovery,https://attack.mitre.org/techniques/T1490,02 April 2019,Impact,"Linux, Windows, macOS",https://github.com/redcanaryco/atomic-red-team/blob/master/atomics/T1490/T1490.md
T1491.001,Defacement: Internal Defacement,https://attack.mitre.org/techniques/T1491/001,20 February 2020,Impact,"Linux, Windows, macOS",https://github.com/redcanaryco/atomic-red-team/blob/master/atomics/T1491.001/T1491.001.md
T1491,Defacement,https://attack.mitre.org/techniques/T1491,08 April 2019,Impact,"IaaS, Linux, Windows, macOS",https://github.com/redcanaryco/atomic-red-team/blob/master/atomics/T1491/T1491.md
T1496,Resource Hijacking,https://attack.mitre.org/techniques/T1496,17 April 2019,Impact,"Containers, IaaS, Linux, Windows, macOS",https://github.com/redcanaryco/atomic-red-team/blob/master/atomics/T1496/T1496.md
T1497.001,Virtualization/Sandbox Evasion: System Checks,https://attack.mitre.org/techniques/T1497/001,06 March 2020,"Defense Evasion, Discovery","Linux, Windows, macOS",https://github.com/redcanaryco/atomic-red-team/blob/master/atomics/T1497.001/T1497.001.md
T1497,Virtualization/Sandbox Evasion,https://attack.mitre.org/techniques/T1497,17 April 2019,"Defense Evasion, Discovery","Linux, Windows, macOS",https://github.com/redcanaryco/atomic-red-team/blob/master/atomics/T1497/T1497.md
T1505.002,Server Software Component: Transport Agent,https://attack.mitre.org/techniques/T1505/002,12 December 2019,Persistence,"Linux, Windows",https://github.com/redcanaryco/atomic-red-team/blob/master/atomics/T1505.002/T1505.002.md
T1505,Server Software Component,https://attack.mitre.org/techniques/T1505,28 June 2019,Persistence,"Linux, Windows, macOS",https://github.com/redcanaryco/atomic-red-team/blob/master/atomics/T1505/T1505.md
T1505.003,Server Software Component: Web Shell,https://attack.mitre.org/techniques/T1505/003,13 December 2019,Persistence,"Linux, Windows, macOS",https://github.com/redcanaryco/atomic-red-team/blob/master/atomics/T1505.003/T1505.003.md
T1505,Server Software Component,https://attack.mitre.org/techniques/T1505,28 June 2019,Persistence,"Linux, Windows, macOS",https://github.com/redcanaryco/atomic-red-team/blob/master/atomics/T1505/T1505.md
T1518.001,Software Discovery: Security Software Discovery,https://attack.mitre.org/techniques/T1518/001,21 February 2020,Discovery,"Azure AD, Google Workspace, IaaS, Linux, Office 365, SaaS, Windows, macOS",https://github.com/redcanaryco/atomic-red-team/blob/master/atomics/T1518.001/T1518.001.md
T1518,Software Discovery,https://attack.mitre.org/techniques/T1518,16 September 2019,Discovery,"Azure AD, Google Workspace, IaaS, Linux, Office 365, SaaS, Windows, macOS",https://github.com/redcanaryco/atomic-red-team/blob/master/atomics/T1518/T1518.md
T1518,Software Discovery,https://attack.mitre.org/techniques/T1518,16 September 2019,Discovery,"Azure AD, Google Workspace, IaaS, Linux, Office 365, SaaS, Windows, macOS",https://github.com/redcanaryco/atomic-red-team/blob/master/atomics/T1518/T1518.md
T1529,System Shutdown/Reboot,https://attack.mitre.org/techniques/T1529,04 October 2019,Impact,"Linux, Network, Windows, macOS",https://github.com/redcanaryco/atomic-red-team/blob/master/atomics/T1529/T1529.md
T1531,Account Access Removal,https://attack.mitre.org/techniques/T1531,09 October 2019,Impact,"Linux, Office 365, SaaS, Windows, macOS",https://github.com/redcanaryco/atomic-red-team/blob/master/atomics/T1531/T1531.md
T1543.001,Create or Modify System Process: Launch Agent,https://attack.mitre.org/techniques/T1543/001,17 January 2020,"Persistence, Privilege Escalation",macOS,https://github.com/redcanaryco/atomic-red-team/blob/master/atomics/T1543.001/T1543.001.md
T1543,Create or Modify System Process,https://attack.mitre.org/techniques/T1543,10 January 2020,"Persistence, Privilege Escalation","Linux, Windows, macOS",https://github.com/redcanaryco/atomic-red-team/blob/master/atomics/T1543/T1543.md
T1543.002,Create or Modify System Process: Systemd Service,https://attack.mitre.org/techniques/T1543/002,17 January 2020,"Persistence, Privilege Escalation",Linux,https://github.com/redcanaryco/atomic-red-team/blob/master/atomics/T1543.002/T1543.002.md
T1543,Create or Modify System Process,https://attack.mitre.org/techniques/T1543,10 January 2020,"Persistence, Privilege Escalation","Linux, Windows, macOS",https://github.com/redcanaryco/atomic-red-team/blob/master/atomics/T1543/T1543.md
T1543.003,Create or Modify System Process: Windows Service,https://attack.mitre.org/techniques/T1543/003,17 January 2020,"Persistence, Privilege Escalation",Windows,https://github.com/redcanaryco/atomic-red-team/blob/master/atomics/T1543.003/T1543.003.md
T1543,Create or Modify System Process,https://attack.mitre.org/techniques/T1543,10 January 2020,"Persistence, Privilege Escalation","Linux, Windows, macOS",https://github.com/redcanaryco/atomic-red-team/blob/master/atomics/T1543/T1543.md
T1543.004,Create or Modify System Process: Launch Daemon,https://attack.mitre.org/techniques/T1543/004,17 January 2020,"Persistence, Privilege Escalation",macOS,https://github.com/redcanaryco/atomic-red-team/blob/master/atomics/T1543.004/T1543.004.md
T1543,Create or Modify System Process,https://attack.mitre.org/techniques/T1543,10 January 2020,"Persistence, Privilege Escalation","Linux, Windows, macOS",https://github.com/redcanaryco/atomic-red-team/blob/master/atomics/T1543/T1543.md
T1546.001,Event Triggered Execution: Change Default File Association,https://attack.mitre.org/techniques/T1546/001,24 January 2020,"Persistence, Privilege Escalation",Windows,https://github.com/redcanaryco/atomic-red-team/blob/master/atomics/T1546.001/T1546.001.md
T1546,Event Triggered Execution,https://attack.mitre.org/techniques/T1546,22 January 2020,"Persistence, Privilege Escalation","Linux, Windows, macOS",https://github.com/redcanaryco/atomic-red-team/blob/master/atomics/T1546/T1546.md
T1546.002,Event Triggered Execution: Screensaver,https://attack.mitre.org/techniques/T1546/002,24 January 2020,"Persistence, Privilege Escalation",Windows,https://github.com/redcanaryco/atomic-red-team/blob/master/atomics/T1546.002/T1546.002.md
T1546,Event Triggered Execution,https://attack.mitre.org/techniques/T1546,22 January 2020,"Persistence, Privilege Escalation","Linux, Windows, macOS",https://github.com/redcanaryco/atomic-red-team/blob/master/atomics/T1546/T1546.md
T1546.003,Event Triggered Execution: Windows Management Instrumentation Event Subscription,https://attack.mitre.org/techniques/T1546/003,24 January 2020,"Persistence, Privilege Escalation",Windows,https://github.com/redcanaryco/atomic-red-team/blob/master/atomics/T1546.003/T1546.003.md
T1546,Event Triggered Execution,https://attack.mitre.org/techniques/T1546,22 January 2020,"Persistence, Privilege Escalation","Linux, Windows, macOS",https://github.com/redcanaryco/atomic-red-team/blob/master/atomics/T1546/T1546.md
T1546.004,Event Triggered Execution: Unix Shell Configuration Modification,https://attack.mitre.org/techniques/T1546/004,24 January 2020,"Persistence, Privilege Escalation","Linux, macOS",https://github.com/redcanaryco/atomic-red-team/blob/master/atomics/T1546.004/T1546.004.md
T1546,Event Triggered Execution,https://attack.mitre.org/techniques/T1546,22 January 2020,"Persistence, Privilege Escalation","Linux, Windows, macOS",https://github.com/redcanaryco/atomic-red-team/blob/master/atomics/T1546/T1546.md
T1546.005,Event Triggered Execution: Trap,https://attack.mitre.org/techniques/T1546/005,24 January 2020,"Persistence, Privilege Escalation","Linux, macOS",https://github.com/redcanaryco/atomic-red-team/blob/master/atomics/T1546.005/T1546.005.md
T1546,Event Triggered Execution,https://attack.mitre.org/techniques/T1546,22 January 2020,"Persistence, Privilege Escalation","Linux, Windows, macOS",https://github.com/redcanaryco/atomic-red-team/blob/master/atomics/T1546/T1546.md
T1546.007,Event Triggered Execution: Netsh Helper DLL,https://attack.mitre.org/techniques/T1546/007,24 January 2020,"Persistence, Privilege Escalation",Windows,https://github.com/redcanaryco/atomic-red-team/blob/master/atomics/T1546.007/T1546.007.md
T1546,Event Triggered Execution,https://attack.mitre.org/techniques/T1546,22 January 2020,"Persistence, Privilege Escalation","Linux, Windows, macOS",https://github.com/redcanaryco/atomic-red-team/blob/master/atomics/T1546/T1546.md
T1546.008,Event Triggered Execution: Accessibility Features,https://attack.mitre.org/techniques/T1546/008,24 January 2020,"Persistence, Privilege Escalation",Windows,https://github.com/redcanaryco/atomic-red-team/blob/master/atomics/T1546.008/T1546.008.md
T1546,Event Triggered Execution,https://attack.mitre.org/techniques/T1546,22 January 2020,"Persistence, Privilege Escalation","Linux, Windows, macOS",https://github.com/redcanaryco/atomic-red-team/blob/master/atomics/T1546/T1546.md
T1546.010,Event Triggered Execution: AppInit DLLs,https://attack.mitre.org/techniques/T1546/010,24 January 2020,"Persistence, Privilege Escalation",Windows,https://github.com/redcanaryco/atomic-red-team/blob/master/atomics/T1546.010/T1546.010.md
T1546,Event Triggered Execution,https://attack.mitre.org/techniques/T1546,22 January 2020,"Persistence, Privilege Escalation","Linux, Windows, macOS",https://github.com/redcanaryco/atomic-red-team/blob/master/atomics/T1546/T1546.md
T1546.011,Event Triggered Execution: Application Shimming,https://attack.mitre.org/techniques/T1546/011,24 January 2020,"Persistence, Privilege Escalation",Windows,https://github.com/redcanaryco/atomic-red-team/blob/master/atomics/T1546.011/T1546.011.md
T1546,Event Triggered Execution,https://attack.mitre.org/techniques/T1546,22 January 2020,"Persistence, Privilege Escalation","Linux, Windows, macOS",https://github.com/redcanaryco/atomic-red-team/blob/master/atomics/T1546/T1546.md
T1546.012,Event Triggered Execution: Image File Execution Options Injection,https://attack.mitre.org/techniques/T1546/012,24 January 2020,"Persistence, Privilege Escalation",Windows,https://github.com/redcanaryco/atomic-red-team/blob/master/atomics/T1546.012/T1546.012.md
T1546,Event Triggered Execution,https://attack.mitre.org/techniques/T1546,22 January 2020,"Persistence, Privilege Escalation","Linux, Windows, macOS",https://github.com/redcanaryco/atomic-red-team/blob/master/atomics/T1546/T1546.md
T1546.013,Event Triggered Execution: PowerShell Profile,https://attack.mitre.org/techniques/T1546/013,24 January 2020,"Persistence, Privilege Escalation",Windows,https://github.com/redcanaryco/atomic-red-team/blob/master/atomics/T1546.013/T1546.013.md
T1546,Event Triggered Execution,https://attack.mitre.org/techniques/T1546,22 January 2020,"Persistence, Privilege Escalation","Linux, Windows, macOS",https://github.com/redcanaryco/atomic-red-team/blob/master/atomics/T1546/T1546.md
T1546.014,Event Triggered Execution: Emond,https://attack.mitre.org/techniques/T1546/014,24 January 2020,"Persistence, Privilege Escalation",macOS,https://github.com/redcanaryco/atomic-red-team/blob/master/atomics/T1546.014/T1546.014.md
T1546,Event Triggered Execution,https://attack.mitre.org/techniques/T1546,22 January 2020,"Persistence, Privilege Escalation","Linux, Windows, macOS",https://github.com/redcanaryco/atomic-red-team/blob/master/atomics/T1546/T1546.md
T1547.001,Boot or Logon Autostart Execution: Registry Run Keys / Startup Folder,https://attack.mitre.org/techniques/T1547/001,23 January 2020,"Persistence, Privilege Escalation",Windows,https://github.com/redcanaryco/atomic-red-team/blob/master/atomics/T1547.001/T1547.001.md
T1547,Boot or Logon Autostart Execution,https://attack.mitre.org/techniques/T1547,23 January 2020,"Persistence, Privilege Escalation","Linux, Windows, macOS",https://github.com/redcanaryco/atomic-red-team/blob/master/atomics/T1547/T1547.md
T1547.004,Boot or Logon Autostart Execution: Winlogon Helper DLL,https://attack.mitre.org/techniques/T1547/004,24 January 2020,"Persistence, Privilege Escalation",Windows,https://github.com/redcanaryco/atomic-red-team/blob/master/atomics/T1547.004/T1547.004.md
T1547,Boot or Logon Autostart Execution,https://attack.mitre.org/techniques/T1547,23 January 2020,"Persistence, Privilege Escalation","Linux, Windows, macOS",https://github.com/redcanaryco/atomic-red-team/blob/master/atomics/T1547/T1547.md
T1547.005,Boot or Logon Autostart Execution: Security Support Provider,https://attack.mitre.org/techniques/T1547/005,24 January 2020,"Persistence, Privilege Escalation",Windows,https://github.com/redcanaryco/atomic-red-team/blob/master/atomics/T1547.005/T1547.005.md
T1547,Boot or Logon Autostart Execution,https://attack.mitre.org/techniques/T1547,23 January 2020,"Persistence, Privilege Escalation","Linux, Windows, macOS",https://github.com/redcanaryco/atomic-red-team/blob/master/atomics/T1547/T1547.md
T1547.006,Boot or Logon Autostart Execution: Kernel Modules and Extensions,https://attack.mitre.org/techniques/T1547/006,24 January 2020,"Persistence, Privilege Escalation","Linux, macOS",https://github.com/redcanaryco/atomic-red-team/blob/master/atomics/T1547.006/T1547.006.md
T1547,Boot or Logon Autostart Execution,https://attack.mitre.org/techniques/T1547,23 January 2020,"Persistence, Privilege Escalation","Linux, Windows, macOS",https://github.com/redcanaryco/atomic-red-team/blob/master/atomics/T1547/T1547.md
T1547.007,Boot or Logon Autostart Execution: Re-opened Applications,https://attack.mitre.org/techniques/T1547/007,24 January 2020,"Persistence, Privilege Escalation",macOS,https://github.com/redcanaryco/atomic-red-team/blob/master/atomics/T1547.007/T1547.007.md
T1547,Boot or Logon Autostart Execution,https://attack.mitre.org/techniques/T1547,23 January 2020,"Persistence, Privilege Escalation","Linux, Windows, macOS",https://github.com/redcanaryco/atomic-red-team/blob/master/atomics/T1547/T1547.md
T1547.009,Boot or Logon Autostart Execution: Shortcut Modification,https://attack.mitre.org/techniques/T1547/009,24 January 2020,"Persistence, Privilege Escalation",Windows,https://github.com/redcanaryco/atomic-red-team/blob/master/atomics/T1547.009/T1547.009.md
T1547,Boot or Logon Autostart Execution,https://attack.mitre.org/techniques/T1547,23 January 2020,"Persistence, Privilege Escalation","Linux, Windows, macOS",https://github.com/redcanaryco/atomic-red-team/blob/master/atomics/T1547/T1547.md
T1547.010,Boot or Logon Autostart Execution: Port Monitors,https://attack.mitre.org/techniques/T1547/010,24 January 2020,"Persistence, Privilege Escalation",Windows,https://github.com/redcanaryco/atomic-red-team/blob/master/atomics/T1547.010/T1547.010.md
T1547,Boot or Logon Autostart Execution,https://attack.mitre.org/techniques/T1547,23 January 2020,"Persistence, Privilege Escalation","Linux, Windows, macOS",https://github.com/redcanaryco/atomic-red-team/blob/master/atomics/T1547/T1547.md
T1547,Boot or Logon Autostart Execution,https://attack.mitre.org/techniques/T1547,23 January 2020,"Persistence, Privilege Escalation","Linux, Windows, macOS",https://github.com/redcanaryco/atomic-red-team/blob/master/atomics/T1547/T1547.md
T1548.001,Abuse Elevation Control Mechanism: Setuid and Setgid,https://attack.mitre.org/techniques/T1548/001,30 January 2020,"Defense Evasion, Privilege Escalation","Linux, macOS",https://github.com/redcanaryco/atomic-red-team/blob/master/atomics/T1548.001/T1548.001.md
T1548,Abuse Elevation Control Mechanism,https://attack.mitre.org/techniques/T1548,30 January 2020,"Defense Evasion, Privilege Escalation","Linux, Windows, macOS",https://github.com/redcanaryco/atomic-red-team/blob/master/atomics/T1548/T1548.md
T1548.002,Abuse Elevation Control Mechanism: Bypass User Account Control,https://attack.mitre.org/techniques/T1548/002,30 January 2020,"Defense Evasion, Privilege Escalation",Windows,https://github.com/redcanaryco/atomic-red-team/blob/master/atomics/T1548.002/T1548.002.md
T1548,Abuse Elevation Control Mechanism,https://attack.mitre.org/techniques/T1548,30 January 2020,"Defense Evasion, Privilege Escalation","Linux, Windows, macOS",https://github.com/redcanaryco/atomic-red-team/blob/master/atomics/T1548/T1548.md
T1548.003,Abuse Elevation Control Mechanism: Sudo and Sudo Caching,https://attack.mitre.org/techniques/T1548/003,30 January 2020,"Defense Evasion, Privilege Escalation","Linux, macOS",https://github.com/redcanaryco/atomic-red-team/blob/master/atomics/T1548.003/T1548.003.md
T1548,Abuse Elevation Control Mechanism,https://attack.mitre.org/techniques/T1548,30 January 2020,"Defense Evasion, Privilege Escalation","Linux, Windows, macOS",https://github.com/redcanaryco/atomic-red-team/blob/master/atomics/T1548/T1548.md
T1550.002,Use Alternate Authentication Material: Pass the Hash,https://attack.mitre.org/techniques/T1550/002,30 January 2020,"Defense Evasion, Lateral Movement",Windows,https://github.com/redcanaryco/atomic-red-team/blob/master/atomics/T1550.002/T1550.002.md
T1550,Use Alternate Authentication Material,https://attack.mitre.org/techniques/T1550,30 January 2020,"Defense Evasion, Lateral Movement","Containers, Google Workspace, IaaS, Office 365, SaaS, Windows",https://github.com/redcanaryco/atomic-red-team/blob/master/atomics/T1550/T1550.md
T1550.003,Use Alternate Authentication Material: Pass the Ticket,https://attack.mitre.org/techniques/T1550/003,30 January 2020,"Defense Evasion, Lateral Movement",Windows,https://github.com/redcanaryco/atomic-red-team/blob/master/atomics/T1550.003/T1550.003.md
T1550,Use Alternate Authentication Material,https://attack.mitre.org/techniques/T1550,30 January 2020,"Defense Evasion, Lateral Movement","Containers, Google Workspace, IaaS, Office 365, SaaS, Windows",https://github.com/redcanaryco/atomic-red-team/blob/master/atomics/T1550/T1550.md
T1552.001,Unsecured Credentials: Credentials In Files,https://attack.mitre.org/techniques/T1552/001,04 February 2020,Credential Access,"Containers, IaaS, Linux, Windows, macOS",https://github.com/redcanaryco/atomic-red-team/blob/master/atomics/T1552.001/T1552.001.md
T1552,Unsecured Credentials,https://attack.mitre.org/techniques/T1552,04 February 2020,Credential Access,"Azure AD, Containers, Google Workspace, IaaS, Linux, Office 365, SaaS, Windows, macOS",https://github.com/redcanaryco/atomic-red-team/blob/master/atomics/T1552/T1552.md
T1552.002,Unsecured Credentials: Credentials in Registry,https://attack.mitre.org/techniques/T1552/002,04 February 2020,Credential Access,Windows,https://github.com/redcanaryco/atomic-red-team/blob/master/atomics/T1552.002/T1552.002.md
T1552,Unsecured Credentials,https://attack.mitre.org/techniques/T1552,04 February 2020,Credential Access,"Azure AD, Containers, Google Workspace, IaaS, Linux, Office 365, SaaS, Windows, macOS",https://github.com/redcanaryco/atomic-red-team/blob/master/atomics/T1552/T1552.md
T1552.003,Unsecured Credentials: Bash History,https://attack.mitre.org/techniques/T1552/003,04 February 2020,Credential Access,"Linux, macOS",https://github.com/redcanaryco/atomic-red-team/blob/master/atomics/T1552.003/T1552.003.md
T1552,Unsecured Credentials,https://attack.mitre.org/techniques/T1552,04 February 2020,Credential Access,"Azure AD, Containers, Google Workspace, IaaS, Linux, Office 365, SaaS, Windows, macOS",https://github.com/redcanaryco/atomic-red-team/blob/master/atomics/T1552/T1552.md
T1552.004,Unsecured Credentials: Private Keys,https://attack.mitre.org/techniques/T1552/004,04 February 2020,Credential Access,"Linux, Windows, macOS",https://github.com/redcanaryco/atomic-red-team/blob/master/atomics/T1552.004/T1552.004.md
T1552,Unsecured Credentials,https://attack.mitre.org/techniques/T1552,04 February 2020,Credential Access,"Azure AD, Containers, Google Workspace, IaaS, Linux, Office 365, SaaS, Windows, macOS",https://github.com/redcanaryco/atomic-red-team/blob/master/atomics/T1552/T1552.md
T1552.006,Unsecured Credentials: Group Policy Preferences,https://attack.mitre.org/techniques/T1552/006,11 February 2020,Credential Access,Windows,https://github.com/redcanaryco/atomic-red-team/blob/master/atomics/T1552.006/T1552.006.md
T1552,Unsecured Credentials,https://attack.mitre.org/techniques/T1552,04 February 2020,Credential Access,"Azure AD, Containers, Google Workspace, IaaS, Linux, Office 365, SaaS, Windows, macOS",https://github.com/redcanaryco/atomic-red-team/blob/master/atomics/T1552/T1552.md
T1552.007,Unsecured Credentials: Container API,https://attack.mitre.org/techniques/T1552/007,31 March 2021,Credential Access,Containers,https://github.com/redcanaryco/atomic-red-team/blob/master/atomics/T1552.007/T1552.007.md
T1552,Unsecured Credentials,https://attack.mitre.org/techniques/T1552,04 February 2020,Credential Access,"Azure AD, Containers, Google Workspace, IaaS, Linux, Office 365, SaaS, Windows, macOS",https://github.com/redcanaryco/atomic-red-team/blob/master/atomics/T1552/T1552.md
T1553.001,Subvert Trust Controls: Gatekeeper Bypass,https://attack.mitre.org/techniques/T1553/001,05 February 2020,Defense Evasion,macOS,https://github.com/redcanaryco/atomic-red-team/blob/master/atomics/T1553.001/T1553.001.md
T1553,Subvert Trust Controls,https://attack.mitre.org/techniques/T1553,05 February 2020,Defense Evasion,"Linux, Windows, macOS",https://github.com/redcanaryco/atomic-red-team/blob/master/atomics/T1553/T1553.md
T1553.004,Subvert Trust Controls: Install Root Certificate,https://attack.mitre.org/techniques/T1553/004,21 February 2020,Defense Evasion,"Linux, Windows, macOS",https://github.com/redcanaryco/atomic-red-team/blob/master/atomics/T1553.004/T1553.004.md
T1553,Subvert Trust Controls,https://attack.mitre.org/techniques/T1553,05 February 2020,Defense Evasion,"Linux, Windows, macOS",https://github.com/redcanaryco/atomic-red-team/blob/master/atomics/T1553/T1553.md
T1553.005,Subvert Trust Controls: Mark-of-the-Web Bypass,https://attack.mitre.org/techniques/T1553/005,22 February 2021,Defense Evasion,Windows,https://github.com/redcanaryco/atomic-red-team/blob/master/atomics/T1553.005/T1553.005.md
T1553,Subvert Trust Controls,https://attack.mitre.org/techniques/T1553,05 February 2020,Defense Evasion,"Linux, Windows, macOS",https://github.com/redcanaryco/atomic-red-team/blob/master/atomics/T1553/T1553.md
T1555.001,Credentials from Password Stores: Keychain,https://attack.mitre.org/techniques/T1555/001,12 February 2020,Credential Access,macOS,https://github.com/redcanaryco/atomic-red-team/blob/master/atomics/T1555.001/T1555.001.md
T1555,Credentials from Password Stores,https://attack.mitre.org/techniques/T1555,11 February 2020,Credential Access,"Linux, Windows, macOS",https://github.com/redcanaryco/atomic-red-team/blob/master/atomics/T1555/T1555.md
T1555.003,Credentials from Password Stores: Credentials from Web Browsers,https://attack.mitre.org/techniques/T1555/003,12 February 2020,Credential Access,"Linux, Windows, macOS",https://github.com/redcanaryco/atomic-red-team/blob/master/atomics/T1555.003/T1555.003.md
T1555,Credentials from Password Stores,https://attack.mitre.org/techniques/T1555,11 February 2020,Credential Access,"Linux, Windows, macOS",https://github.com/redcanaryco/atomic-red-team/blob/master/atomics/T1555/T1555.md
T1555,Credentials from Password Stores,https://attack.mitre.org/techniques/T1555,11 February 2020,Credential Access,"Linux, Windows, macOS",https://github.com/redcanaryco/atomic-red-team/blob/master/atomics/T1555/T1555.md
T1556.002,Modify Authentication Process: Password Filter DLL,https://attack.mitre.org/techniques/T1556/002,11 February 2020,"Credential Access, Defense Evasion, Persistence",Windows,https://github.com/redcanaryco/atomic-red-team/blob/master/atomics/T1556.002/T1556.002.md
T1556,Modify Authentication Process,https://attack.mitre.org/techniques/T1556,11 February 2020,"Credential Access, Defense Evasion, Persistence","Linux, Network, Windows, macOS",https://github.com/redcanaryco/atomic-red-team/blob/master/atomics/T1556/T1556.md
T1556.003,Modify Authentication Process: Pluggable Authentication Modules,https://attack.mitre.org/techniques/T1556/003,26 June 2020,"Credential Access, Defense Evasion, Persistence","Linux, macOS",https://github.com/redcanaryco/atomic-red-team/blob/master/atomics/T1556.003/T1556.003.md
T1556,Modify Authentication Process,https://attack.mitre.org/techniques/T1556,11 February 2020,"Credential Access, Defense Evasion, Persistence","Linux, Network, Windows, macOS",https://github.com/redcanaryco/atomic-red-team/blob/master/atomics/T1556/T1556.md
T1558.001,Steal or Forge Kerberos Tickets: Golden Ticket,https://attack.mitre.org/techniques/T1558/001,11 February 2020,Credential Access,Windows,https://github.com/redcanaryco/atomic-red-team/blob/master/atomics/T1558.001/T1558.001.md
T1558,Steal or Forge Kerberos Tickets,https://attack.mitre.org/techniques/T1558,11 February 2020,Credential Access,"Linux, Windows, macOS",https://github.com/redcanaryco/atomic-red-team/blob/master/atomics/T1558/T1558.md
T1558.003,Steal or Forge Kerberos Tickets: Kerberoasting,https://attack.mitre.org/techniques/T1558/003,11 February 2020,Credential Access,Windows,https://github.com/redcanaryco/atomic-red-team/blob/master/atomics/T1558.003/T1558.003.md
T1558,Steal or Forge Kerberos Tickets,https://attack.mitre.org/techniques/T1558,11 February 2020,Credential Access,"Linux, Windows, macOS",https://github.com/redcanaryco/atomic-red-team/blob/master/atomics/T1558/T1558.md
T1558.004,Steal or Forge Kerberos Tickets: AS-REP Roasting,https://attack.mitre.org/techniques/T1558/004,24 August 2020,Credential Access,Windows,https://github.com/redcanaryco/atomic-red-team/blob/master/atomics/T1558.004/T1558.004.md
T1558,Steal or Forge Kerberos Tickets,https://attack.mitre.org/techniques/T1558,11 February 2020,Credential Access,"Linux, Windows, macOS",https://github.com/redcanaryco/atomic-red-team/blob/master/atomics/T1558/T1558.md
T1559.002,Inter-Process Communication: Dynamic Data Exchange,https://attack.mitre.org/techniques/T1559/002,12 February 2020,Execution,Windows,https://github.com/redcanaryco/atomic-red-team/blob/master/atomics/T1559.002/T1559.002.md
T1559,Inter-Process Communication,https://attack.mitre.org/techniques/T1559,12 February 2020,Execution,"Linux, Windows, macOS",https://github.com/redcanaryco/atomic-red-team/blob/master/atomics/T1559/T1559.md
T1560.001,Archive Collected Data: Archive via Utility,https://attack.mitre.org/techniques/T1560/001,20 February 2020,Collection,"Linux, Windows, macOS",https://github.com/redcanaryco/atomic-red-team/blob/master/atomics/T1560.001/T1560.001.md
T1560,Archive Collected Data,https://attack.mitre.org/techniques/T1560,20 February 2020,Collection,"Linux, Windows, macOS",https://github.com/redcanaryco/atomic-red-team/blob/master/atomics/T1560/T1560.md
T1560.002,Archive Collected Data: Archive via Library,https://attack.mitre.org/techniques/T1560/002,20 February 2020,Collection,"Linux, Windows, macOS",https://github.com/redcanaryco/atomic-red-team/blob/master/atomics/T1560.002/T1560.002.md
T1560,Archive Collected Data,https://attack.mitre.org/techniques/T1560,20 February 2020,Collection,"Linux, Windows, macOS",https://github.com/redcanaryco/atomic-red-team/blob/master/atomics/T1560/T1560.md
T1560,Archive Collected Data,https://attack.mitre.org/techniques/T1560,20 February 2020,Collection,"Linux, Windows, macOS",https://github.com/redcanaryco/atomic-red-team/blob/master/atomics/T1560/T1560.md
T1562.001,Impair Defenses: Disable or Modify Tools,https://attack.mitre.org/techniques/T1562/001,21 February 2020,Defense Evasion,"Containers, IaaS, Linux, Windows, macOS",https://github.com/redcanaryco/atomic-red-team/blob/master/atomics/T1562.001/T1562.001.md
T1562,Impair Defenses,https://attack.mitre.org/techniques/T1562,21 February 2020,Defense Evasion,"Containers, IaaS, Linux, Network, Office 365, Windows, macOS",https://github.com/redcanaryco/atomic-red-team/blob/master/atomics/T1562/T1562.md
T1562.002,Impair Defenses: Disable Windows Event Logging,https://attack.mitre.org/techniques/T1562/002,21 February 2020,Defense Evasion,Windows,https://github.com/redcanaryco/atomic-red-team/blob/master/atomics/T1562.002/T1562.002.md
T1562,Impair Defenses,https://attack.mitre.org/techniques/T1562,21 February 2020,Defense Evasion,"Containers, IaaS, Linux, Network, Office 365, Windows, macOS",https://github.com/redcanaryco/atomic-red-team/blob/master/atomics/T1562/T1562.md
T1562.003,Impair Defenses: Impair Command History Logging,https://attack.mitre.org/techniques/T1562/003,21 February 2020,Defense Evasion,"Linux, Network, Windows, macOS",https://github.com/redcanaryco/atomic-red-team/blob/master/atomics/T1562.003/T1562.003.md
T1562,Impair Defenses,https://attack.mitre.org/techniques/T1562,21 February 2020,Defense Evasion,"Containers, IaaS, Linux, Network, Office 365, Windows, macOS",https://github.com/redcanaryco/atomic-red-team/blob/master/atomics/T1562/T1562.md
T1562.004,Impair Defenses: Disable or Modify System Firewall,https://attack.mitre.org/techniques/T1562/004,21 February 2020,Defense Evasion,"Linux, Windows, macOS",https://github.com/redcanaryco/atomic-red-team/blob/master/atomics/T1562.004/T1562.004.md
T1562,Impair Defenses,https://attack.mitre.org/techniques/T1562,21 February 2020,Defense Evasion,"Containers, IaaS, Linux, Network, Office 365, Windows, macOS",https://github.com/redcanaryco/atomic-red-team/blob/master/atomics/T1562/T1562.md
T1562.006,Impair Defenses: Indicator Blocking,https://attack.mitre.org/techniques/T1562/006,19 March 2020,Defense Evasion,"Linux, Windows, macOS",https://github.com/redcanaryco/atomic-red-team/blob/master/atomics/T1562.006/T1562.006.md
T1562,Impair Defenses,https://attack.mitre.org/techniques/T1562,21 February 2020,Defense Evasion,"Containers, IaaS, Linux, Network, Office 365, Windows, macOS",https://github.com/redcanaryco/atomic-red-team/blob/master/atomics/T1562/T1562.md
T1562.008,Impair Defenses: Disable Cloud Logs,https://attack.mitre.org/techniques/T1562/008,12 October 2020,Defense Evasion,IaaS,https://github.com/redcanaryco/atomic-red-team/blob/master/atomics/T1562.008/T1562.008.md
T1562,Impair Defenses,https://attack.mitre.org/techniques/T1562,21 February 2020,Defense Evasion,"Containers, IaaS, Linux, Network, Office 365, Windows, macOS",https://github.com/redcanaryco/atomic-red-team/blob/master/atomics/T1562/T1562.md
T1563.002,Remote Service Session Hijacking: RDP Hijacking,https://attack.mitre.org/techniques/T1563/002,25 February 2020,Lateral Movement,Windows,https://github.com/redcanaryco/atomic-red-team/blob/master/atomics/T1563.002/T1563.002.md
T1563,Remote Service Session Hijacking,https://attack.mitre.org/techniques/T1563,25 February 2020,Lateral Movement,"Linux, Windows, macOS",https://github.com/redcanaryco/atomic-red-team/blob/master/atomics/T1563/T1563.md
T1564.001,Hide Artifacts: Hidden Files and Directories,https://attack.mitre.org/techniques/T1564/001,26 February 2020,Defense Evasion,"Linux, Windows, macOS",https://github.com/redcanaryco/atomic-red-team/blob/master/atomics/T1564.001/T1564.001.md
T1564,Hide Artifacts,https://attack.mitre.org/techniques/T1564,26 February 2020,Defense Evasion,"Linux, Office 365, Windows, macOS",https://github.com/redcanaryco/atomic-red-team/blob/master/atomics/T1564/T1564.md
T1564.002,Hide Artifacts: Hidden Users,https://attack.mitre.org/techniques/T1564/002,13 March 2020,Defense Evasion,"Linux, Windows, macOS",https://github.com/redcanaryco/atomic-red-team/blob/master/atomics/T1564.002/T1564.002.md
T1564,Hide Artifacts,https://attack.mitre.org/techniques/T1564,26 February 2020,Defense Evasion,"Linux, Office 365, Windows, macOS",https://github.com/redcanaryco/atomic-red-team/blob/master/atomics/T1564/T1564.md
T1564.003,Hide Artifacts: Hidden Window,https://attack.mitre.org/techniques/T1564/003,13 March 2020,Defense Evasion,"Linux, Windows, macOS",https://github.com/redcanaryco/atomic-red-team/blob/master/atomics/T1564.003/T1564.003.md
T1564,Hide Artifacts,https://attack.mitre.org/techniques/T1564,26 February 2020,Defense Evasion,"Linux, Office 365, Windows, macOS",https://github.com/redcanaryco/atomic-red-team/blob/master/atomics/T1564/T1564.md
T1564.004,Hide Artifacts: NTFS File Attributes,https://attack.mitre.org/techniques/T1564/004,13 March 2020,Defense Evasion,Windows,https://github.com/redcanaryco/atomic-red-team/blob/master/atomics/T1564.004/T1564.004.md
T1564,Hide Artifacts,https://attack.mitre.org/techniques/T1564,26 February 2020,Defense Evasion,"Linux, Office 365, Windows, macOS",https://github.com/redcanaryco/atomic-red-team/blob/master/atomics/T1564/T1564.md
T1564,Hide Artifacts,https://attack.mitre.org/techniques/T1564,26 February 2020,Defense Evasion,"Linux, Office 365, Windows, macOS",https://github.com/redcanaryco/atomic-red-team/blob/master/atomics/T1564/T1564.md
T1566.001,Phishing: Spearphishing Attachment,https://attack.mitre.org/techniques/T1566/001,02 March 2020,Initial Access,"Linux, Windows, macOS",https://github.com/redcanaryco/atomic-red-team/blob/master/atomics/T1566.001/T1566.001.md
T1566,Phishing,https://attack.mitre.org/techniques/T1566,02 March 2020,Initial Access,"Google Workspace, Linux, Office 365, SaaS, Windows, macOS",https://github.com/redcanaryco/atomic-red-team/blob/master/atomics/T1566/T1566.md
T1569.001,System Services: Launchctl,https://attack.mitre.org/techniques/T1569/001,10 March 2020,Execution,macOS,https://github.com/redcanaryco/atomic-red-team/blob/master/atomics/T1569.001/T1569.001.md
T1569,System Services,https://attack.mitre.org/techniques/T1569,10 March 2020,Execution,"Linux, Windows, macOS",https://github.com/redcanaryco/atomic-red-team/blob/master/atomics/T1569/T1569.md
T1569.002,System Services: Service Execution,https://attack.mitre.org/techniques/T1569/002,10 March 2020,Execution,Windows,https://github.com/redcanaryco/atomic-red-team/blob/master/atomics/T1569.002/T1569.002.md
T1569,System Services,https://attack.mitre.org/techniques/T1569,10 March 2020,Execution,"Linux, Windows, macOS",https://github.com/redcanaryco/atomic-red-team/blob/master/atomics/T1569/T1569.md
T1571,Non-Standard Port,https://attack.mitre.org/techniques/T1571,14 March 2020,Command and Control,"Linux, Windows, macOS",https://github.com/redcanaryco/atomic-red-team/blob/master/atomics/T1571/T1571.md
T1572,Protocol Tunneling,https://attack.mitre.org/techniques/T1572,15 March 2020,Command and Control,"Linux, Windows, macOS",https://github.com/redcanaryco/atomic-red-team/blob/master/atomics/T1572/T1572.md
T1573,Encrypted Channel,https://attack.mitre.org/techniques/T1573,16 March 2020,Command and Control,"Linux, Windows, macOS",https://github.com/redcanaryco/atomic-red-team/blob/master/atomics/T1573/T1573.md
T1574.001,Hijack Execution Flow: DLL Search Order Hijacking,https://attack.mitre.org/techniques/T1574/001,13 March 2020,"Defense Evasion, Persistence, Privilege Escalation",Windows,https://github.com/redcanaryco/atomic-red-team/blob/master/atomics/T1574.001/T1574.001.md
T1574,Hijack Execution Flow,https://attack.mitre.org/techniques/T1574,12 March 2020,"Defense Evasion, Persistence, Privilege Escalation","Linux, Windows, macOS",https://github.com/redcanaryco/atomic-red-team/blob/master/atomics/T1574/T1574.md
T1574.002,Hijack Execution Flow: DLL Side-Loading,https://attack.mitre.org/techniques/T1574/002,13 March 2020,"Defense Evasion, Persistence, Privilege Escalation",Windows,https://github.com/redcanaryco/atomic-red-team/blob/master/atomics/T1574.002/T1574.002.md
T1574,Hijack Execution Flow,https://attack.mitre.org/techniques/T1574,12 March 2020,"Defense Evasion, Persistence, Privilege Escalation","Linux, Windows, macOS",https://github.com/redcanaryco/atomic-red-team/blob/master/atomics/T1574/T1574.md
T1574.006,Hijack Execution Flow: Dynamic Linker Hijacking,https://attack.mitre.org/techniques/T1574/006,13 March 2020,"Defense Evasion, Persistence, Privilege Escalation","Linux, macOS",https://github.com/redcanaryco/atomic-red-team/blob/master/atomics/T1574.006/T1574.006.md
T1574,Hijack Execution Flow,https://attack.mitre.org/techniques/T1574,12 March 2020,"Defense Evasion, Persistence, Privilege Escalation","Linux, Windows, macOS",https://github.com/redcanaryco/atomic-red-team/blob/master/atomics/T1574/T1574.md
T1574.009,Hijack Execution Flow: Path Interception by Unquoted Path,https://attack.mitre.org/techniques/T1574/009,13 March 2020,"Defense Evasion, Persistence, Privilege Escalation",Windows,https://github.com/redcanaryco/atomic-red-team/blob/master/atomics/T1574.009/T1574.009.md
T1574,Hijack Execution Flow,https://attack.mitre.org/techniques/T1574,12 March 2020,"Defense Evasion, Persistence, Privilege Escalation","Linux, Windows, macOS",https://github.com/redcanaryco/atomic-red-team/blob/master/atomics/T1574/T1574.md
T1574.011,Hijack Execution Flow: Services Registry Permissions Weakness,https://attack.mitre.org/techniques/T1574/011,13 March 2020,"Defense Evasion, Persistence, Privilege Escalation",Windows,https://github.com/redcanaryco/atomic-red-team/blob/master/atomics/T1574.011/T1574.011.md
T1574,Hijack Execution Flow,https://attack.mitre.org/techniques/T1574,12 March 2020,"Defense Evasion, Persistence, Privilege Escalation","Linux, Windows, macOS",https://github.com/redcanaryco/atomic-red-team/blob/master/atomics/T1574/T1574.md
T1574.012,Hijack Execution Flow: COR_PROFILER,https://attack.mitre.org/techniques/T1574/012,24 June 2020,"Defense Evasion, Persistence, Privilege Escalation",Windows,https://github.com/redcanaryco/atomic-red-team/blob/master/atomics/T1574.012/T1574.012.md
T1574,Hijack Execution Flow,https://attack.mitre.org/techniques/T1574,12 March 2020,"Defense Evasion, Persistence, Privilege Escalation","Linux, Windows, macOS",https://github.com/redcanaryco/atomic-red-team/blob/master/atomics/T1574/T1574.md
T1606.002,Forge Web Credentials: SAML Tokens,https://attack.mitre.org/techniques/T1606/002,17 December 2020,Credential Access,"Azure AD, Google Workspace, IaaS, Office 365, SaaS, Windows",https://github.com/redcanaryco/atomic-red-team/blob/master/atomics/T1606.002/T1606.002.md
T1606,Forge Web Credentials,https://attack.mitre.org/techniques/T1606,17 December 2020,Credential Access,"Azure AD, Google Workspace, IaaS, Linux, Office 365, SaaS, Windows, macOS",https://github.com/redcanaryco/atomic-red-team/blob/master/atomics/T1606/T1606.md
T1609,Container Administration Command,https://attack.mitre.org/techniques/T1609,29 March 2021,Execution,Containers,https://github.com/redcanaryco/atomic-red-team/blob/master/atomics/T1609/T1609.md
T1610,Deploy Container,https://attack.mitre.org/techniques/T1610,29 March 2021,"Defense Evasion, Execution",Containers,https://github.com/redcanaryco/atomic-red-team/blob/master/atomics/T1610/T1610.md
T1611,Escape to Host,https://attack.mitre.org/techniques/T1611,30 March 2021,Privilege Escalation,"Containers, Linux, Windows",https://github.com/redcanaryco/atomic-red-team/blob/master/atomics/T1611/T1611.md
